tile_id,disaster,damage_ratio,has_gt_damage,gt_pixels,pred_pixels,tp,fp,fn,tn,dice,iou,fpr_on_empty
midwest-flooding_00000005_post_disaster_r0_c0,midwest-flooding,0.0,False,0,0,0,0,0,65536,,,0.0
midwest-flooding_00000005_post_disaster_r0_c512,midwest-flooding,0.0,False,0,0,0,0,0,65536,,,0.0
midwest-flooding_00000021_post_disaster_r0_c256,midwest-flooding,0.0,False,0,0,0,0,0,65536,,,0.0
midwest-flooding_00000021_post_disaster_r256_c768,midwest-flooding,0.0,False,0,0,0,0,0,65536,,,0.0
midwest-flooding_00000021_post_disaster_r768_c0,midwest-flooding,0.0,False,0,0,0,0,0,65536,,,0.0
midwest-flooding_00000021_post_disaster_r768_c768,midwest-flooding,0.0092620849609375,True,607,0,0,0,607,64929,0.0,0.0,
midwest-flooding_00000022_post_disaster_r256_c0,midwest-flooding,0.0,False,0,0,0,0,0,65536,,,0.0
midwest-flooding_00000022_post_disaster_r512_c768,midwest-flooding,0.0,False,0,0,0,0,0,65536,,,0.0
midwest-flooding_00000023_post_disaster_r256_c256,midwest-flooding,0.0322723388671875,True,2115,0,0,0,2115,63421,0.0,0.0,
midwest-flooding_00000023_post_disaster_r256_c512,midwest-flooding,0.019805908203125,True,1298,0,0,0,1298,64238,0.0,0.0,
midwest-flooding_00000023_post_disaster_r512_c512,midwest-flooding,0.0393829345703125,True,2581,0,0,0,2581,62955,0.0,0.0,
midwest-flooding_00000023_post_disaster_r512_c768,midwest-flooding,0.055023193359375,True,3606,0,0,0,3606,61930,0.0,0.0,
midwest-flooding_00000023_post_disaster_r768_c256,midwest-flooding,0.0,False,0,0,0,0,0,65536,,,0.0
midwest-flooding_00000023_post_disaster_r768_c512,midwest-flooding,0.09002685546875,True,5900,0,0,0,5900,59636,0.0,0.0,
midwest-flooding_00000025_post_disaster_r512_c256,midwest-flooding,0.0,False,0,0,0,0,0,65536,,,0.0
midwest-flooding_00000025_post_disaster_r768_c768,midwest-flooding,0.0,False,0,0,0,0,0,65536,,,0.0
midwest-flooding_00000027_post_disaster_r256_c0,midwest-flooding,0.0,False,0,0,0,0,0,65536,,,0.0
midwest-flooding_00000035_post_disaster_r0_c256,midwest-flooding,0.0,False,0,0,0,0,0,65536,,,0.0
midwest-flooding_00000035_post_disaster_r768_c0,midwest-flooding,0.0,False,0,0,0,0,0,65536,,,0.0
midwest-flooding_00000036_post_disaster_r0_c256,midwest-flooding,0.0,False,0,0,0,0,0,65536,,,0.0
midwest-flooding_00000036_post_disaster_r512_c768,midwest-flooding,0.0,False,0,0,0,0,0,65536,,,0.0
midwest-flooding_00000039_post_disaster_r256_c512,midwest-flooding,0.0,False,0,0,0,0,0,65536,,,0.0
midwest-flooding_00000063_post_disaster_r256_c0,midwest-flooding,0.0,False,0,0,0,0,0,65536,,,0.0
midwest-flooding_00000063_post_disaster_r256_c512,midwest-flooding,0.0,False,0,0,0,0,0,65536,,,0.0
midwest-flooding_00000063_post_disaster_r768_c512,midwest-flooding,0.0,False,0,0,0,0,0,65536,,,0.0
midwest-flooding_00000068_post_disaster_r512_c256,midwest-flooding,0.0,False,0,0,0,0,0,65536,,,0.0
midwest-flooding_00000068_post_disaster_r512_c512,midwest-flooding,0.0,False,0,0,0,0,0,65536,,,0.0
midwest-flooding_00000074_post_disaster_r256_c512,midwest-flooding,0.0,False,0,0,0,0,0,65536,,,0.0
midwest-flooding_00000074_post_disaster_r768_c768,midwest-flooding,0.0,False,0,0,0,0,0,65536,,,0.0
midwest-flooding_00000079_post_disaster_r256_c0,midwest-flooding,0.0,False,0,0,0,0,0,65536,,,0.0
midwest-flooding_00000083_post_disaster_r256_c256,midwest-flooding,0.0,False,0,0,0,0,0,65536,,,0.0
midwest-flooding_00000083_post_disaster_r256_c512,midwest-flooding,0.0,False,0,0,0,0,0,65536,,,0.0
midwest-flooding_00000083_post_disaster_r768_c0,midwest-flooding,0.0,False,0,0,0,0,0,65536,,,0.0
midwest-flooding_00000085_post_disaster_r0_c256,midwest-flooding,0.0,False,0,0,0,0,0,65536,,,0.0
midwest-flooding_00000085_post_disaster_r256_c256,midwest-flooding,0.0,False,0,0,0,0,0,65536,,,0.0
midwest-flooding_00000107_post_disaster_r0_c0,midwest-flooding,0.0,False,0,0,0,0,0,65536,,,0.0
midwest-flooding_00000107_post_disaster_r0_c256,midwest-flooding,0.0,False,0,0,0,0,0,65536,,,0.0
midwest-flooding_00000107_post_disaster_r256_c512,midwest-flooding,0.0,False,0,0,0,0,0,65536,,,0.0
midwest-flooding_00000107_post_disaster_r768_c256,midwest-flooding,0.0,False,0,0,0,0,0,65536,,,0.0
midwest-flooding_00000113_post_disaster_r256_c0,midwest-flooding,0.0,False,0,0,0,0,0,65536,,,0.0
midwest-flooding_00000127_post_disaster_r512_c0,midwest-flooding,0.0,False,0,0,0,0,0,65536,,,0.0
midwest-flooding_00000127_post_disaster_r512_c256,midwest-flooding,0.0,False,0,0,0,0,0,65536,,,0.0
midwest-flooding_00000140_post_disaster_r768_c256,midwest-flooding,0.0,False,0,0,0,0,0,65536,,,0.0
midwest-flooding_00000141_post_disaster_r0_c768,midwest-flooding,0.0,False,0,0,0,0,0,65536,,,0.0
midwest-flooding_00000141_post_disaster_r512_c512,midwest-flooding,0.0,False,0,0,0,0,0,65536,,,0.0
midwest-flooding_00000145_post_disaster_r0_c0,midwest-flooding,0.0,False,0,0,0,0,0,65536,,,0.0
midwest-flooding_00000145_post_disaster_r0_c768,midwest-flooding,0.0,False,0,0,0,0,0,65536,,,0.0
midwest-flooding_00000145_post_disaster_r256_c0,midwest-flooding,0.0173797607421875,True,1139,0,0,0,1139,64397,0.0,0.0,
midwest-flooding_00000145_post_disaster_r512_c0,midwest-flooding,0.0,False,0,0,0,0,0,65536,,,0.0
midwest-flooding_00000145_post_disaster_r512_c768,midwest-flooding,0.0,False,0,0,0,0,0,65536,,,0.0
midwest-flooding_00000145_post_disaster_r768_c512,midwest-flooding,0.0,False,0,0,0,0,0,65536,,,0.0
midwest-flooding_00000154_post_disaster_r256_c0,midwest-flooding,0.0,False,0,263,0,263,0,65273,,,0.0040130615234375
midwest-flooding_00000154_post_disaster_r512_c512,midwest-flooding,0.0,False,0,0,0,0,0,65536,,,0.0
midwest-flooding_00000154_post_disaster_r768_c256,midwest-flooding,0.0,False,0,0,0,0,0,65536,,,0.0
midwest-flooding_00000154_post_disaster_r768_c512,midwest-flooding,0.0,False,0,0,0,0,0,65536,,,0.0
midwest-flooding_00000161_post_disaster_r0_c256,midwest-flooding,0.0,False,0,0,0,0,0,65536,,,0.0
midwest-flooding_00000161_post_disaster_r256_c512,midwest-flooding,0.0101165771484375,True,663,0,0,0,663,64873,0.0,0.0,
midwest-flooding_00000161_post_disaster_r512_c0,midwest-flooding,0.0,False,0,0,0,0,0,65536,,,0.0
midwest-flooding_00000161_post_disaster_r768_c768,midwest-flooding,0.0,False,0,0,0,0,0,65536,,,0.0
midwest-flooding_00000173_post_disaster_r0_c512,midwest-flooding,0.012237548828125,True,802,935,680,255,122,64479,0.7829591249280369,0.6433301797540208,
midwest-flooding_00000173_post_disaster_r0_c768,midwest-flooding,0.008697509765625,True,570,814,556,258,14,64708,0.8034682080924855,0.6714975845410628,
midwest-flooding_00000175_post_disaster_r0_c0,midwest-flooding,0.0151519775390625,True,993,1109,674,435,319,64108,0.6412940057088488,0.47198879551820727,
midwest-flooding_00000175_post_disaster_r0_c256,midwest-flooding,0.017852783203125,True,1170,0,0,0,1170,64366,0.0,0.0,
midwest-flooding_00000175_post_disaster_r0_c512,midwest-flooding,0.0959320068359375,True,6287,426,0,426,6287,58823,0.0,0.0,
midwest-flooding_00000175_post_disaster_r768_c0,midwest-flooding,0.0,False,0,0,0,0,0,65536,,,0.0
midwest-flooding_00000178_post_disaster_r256_c512,midwest-flooding,0.0,False,0,0,0,0,0,65536,,,0.0
midwest-flooding_00000178_post_disaster_r256_c768,midwest-flooding,0.0,False,0,0,0,0,0,65536,,,0.0
midwest-flooding_00000188_post_disaster_r256_c512,midwest-flooding,0.0,False,0,0,0,0,0,65536,,,0.0
midwest-flooding_00000197_post_disaster_r0_c768,midwest-flooding,0.0,False,0,0,0,0,0,65536,,,0.0
midwest-flooding_00000197_post_disaster_r256_c512,midwest-flooding,0.0,False,0,0,0,0,0,65536,,,0.0
midwest-flooding_00000197_post_disaster_r512_c256,midwest-flooding,0.0,False,0,0,0,0,0,65536,,,0.0
midwest-flooding_00000197_post_disaster_r768_c768,midwest-flooding,0.0,False,0,0,0,0,0,65536,,,0.0
midwest-flooding_00000217_post_disaster_r256_c0,midwest-flooding,0.0,False,0,0,0,0,0,65536,,,0.0
midwest-flooding_00000217_post_disaster_r256_c768,midwest-flooding,0.0,False,0,0,0,0,0,65536,,,0.0
midwest-flooding_00000217_post_disaster_r512_c0,midwest-flooding,0.0,False,0,0,0,0,0,65536,,,0.0
midwest-flooding_00000217_post_disaster_r768_c768,midwest-flooding,0.0,False,0,0,0,0,0,65536,,,0.0
midwest-flooding_00000220_post_disaster_r0_c768,midwest-flooding,0.0,False,0,0,0,0,0,65536,,,0.0
midwest-flooding_00000220_post_disaster_r512_c768,midwest-flooding,0.0,False,0,0,0,0,0,65536,,,0.0
midwest-flooding_00000236_post_disaster_r0_c512,midwest-flooding,0.0,False,0,0,0,0,0,65536,,,0.0
midwest-flooding_00000236_post_disaster_r768_c256,midwest-flooding,0.014434814453125,True,946,0,0,0,946,64590,0.0,0.0,
midwest-flooding_00000313_post_disaster_r256_c512,midwest-flooding,0.0,False,0,0,0,0,0,65536,,,0.0
midwest-flooding_00000313_post_disaster_r768_c0,midwest-flooding,0.0,False,0,0,0,0,0,65536,,,0.0
midwest-flooding_00000330_post_disaster_r0_c256,midwest-flooding,0.005828857421875,True,382,0,0,0,382,65154,0.0,0.0,
midwest-flooding_00000330_post_disaster_r256_c0,midwest-flooding,0.0,False,0,0,0,0,0,65536,,,0.0
midwest-flooding_00000330_post_disaster_r768_c0,midwest-flooding,0.0,False,0,0,0,0,0,65536,,,0.0
midwest-flooding_00000346_post_disaster_r0_c0,midwest-flooding,0.1474609375,True,9664,10155,8999,1156,665,54716,0.9081184721731672,0.8317005545286507,
midwest-flooding_00000346_post_disaster_r0_c256,midwest-flooding,0.0308837890625,True,2024,0,0,0,2024,63512,0.0,0.0,
midwest-flooding_00000346_post_disaster_r0_c512,midwest-flooding,0.00653076171875,True,428,0,0,0,428,65108,0.0,0.0,
midwest-flooding_00000346_post_disaster_r256_c0,midwest-flooding,0.04449462890625,True,2916,2715,2345,370,571,62250,0.8328893624578227,0.7136335970785149,
midwest-flooding_00000346_post_disaster_r256_c256,midwest-flooding,0.1181182861328125,True,7741,7757,6811,946,930,56849,0.8789521228545619,0.7840451248992748,
midwest-flooding_00000346_post_disaster_r256_c512,midwest-flooding,0.0,False,0,0,0,0,0,65536,,,0.0
midwest-flooding_00000348_post_disaster_r256_c0,midwest-flooding,0.0,False,0,0,0,0,0,65536,,,0.0
midwest-flooding_00000348_post_disaster_r256_c256,midwest-flooding,0.0,False,0,0,0,0,0,65536,,,0.0
midwest-flooding_00000348_post_disaster_r768_c0,midwest-flooding,0.0,False,0,0,0,0,0,65536,,,0.0
midwest-flooding_00000368_post_disaster_r0_c768,midwest-flooding,0.0,False,0,0,0,0,0,65536,,,0.0
midwest-flooding_00000368_post_disaster_r256_c256,midwest-flooding,0.0,False,0,0,0,0,0,65536,,,0.0
midwest-flooding_00000368_post_disaster_r256_c768,midwest-flooding,0.0,False,0,0,0,0,0,65536,,,0.0
midwest-flooding_00000368_post_disaster_r768_c256,midwest-flooding,0.0266876220703125,True,1749,0,0,0,1749,63787,0.0,0.0,
midwest-flooding_00000368_post_disaster_r768_c512,midwest-flooding,0.0228424072265625,True,1497,0,0,0,1497,64039,0.0,0.0,
midwest-flooding_00000368_post_disaster_r768_c768,midwest-flooding,0.0284423828125,True,1864,0,0,0,1864,63672,0.0,0.0,
midwest-flooding_00000394_post_disaster_r256_c256,midwest-flooding,0.0,False,0,0,0,0,0,65536,,,0.0
midwest-flooding_00000406_post_disaster_r256_c512,midwest-flooding,0.0,False,0,0,0,0,0,65536,,,0.0
midwest-flooding_00000406_post_disaster_r512_c512,midwest-flooding,0.0,False,0,0,0,0,0,65536,,,0.0
midwest-flooding_00000406_post_disaster_r512_c768,midwest-flooding,0.0,False,0,0,0,0,0,65536,,,0.0
midwest-flooding_00000406_post_disaster_r768_c0,midwest-flooding,0.0,False,0,0,0,0,0,65536,,,0.0
midwest-flooding_00000406_post_disaster_r768_c512,midwest-flooding,0.0,False,0,0,0,0,0,65536,,,0.0
midwest-flooding_00000410_post_disaster_r0_c256,midwest-flooding,0.0,False,0,0,0,0,0,65536,,,0.0
midwest-flooding_00000410_post_disaster_r0_c768,midwest-flooding,0.0,False,0,0,0,0,0,65536,,,0.0
midwest-flooding_00000410_post_disaster_r512_c256,midwest-flooding,0.0367584228515625,True,2409,6936,2292,4644,117,58483,0.49052969502407706,0.3249680986814122,
midwest-flooding_00000410_post_disaster_r512_c512,midwest-flooding,0.0,False,0,1538,0,1538,0,63998,,,0.023468017578125
midwest-flooding_00000430_post_disaster_r512_c512,midwest-flooding,0.0,False,0,0,0,0,0,65536,,,0.0
midwest-flooding_00000430_post_disaster_r768_c768,midwest-flooding,0.0,False,0,0,0,0,0,65536,,,0.0
midwest-flooding_00000435_post_disaster_r512_c768,midwest-flooding,0.0253753662109375,True,1663,1802,572,1230,1091,62643,0.33015873015873015,0.19771863117870722,
midwest-flooding_00000435_post_disaster_r768_c512,midwest-flooding,0.0106964111328125,True,701,687,73,614,628,64221,0.10518731988472622,0.05551330798479087,
midwest-flooding_00000435_post_disaster_r768_c768,midwest-flooding,0.0,False,0,0,0,0,0,65536,,,0.0
santa-rosa-wildfire_00000002_post_disaster_r256_c512,santa-rosa-wildfire,0.0,False,0,610,0,610,0,64926,,,0.009307861328125
santa-rosa-wildfire_00000002_post_disaster_r512_c256,santa-rosa-wildfire,0.0,False,0,0,0,0,0,65536,,,0.0
santa-rosa-wildfire_00000002_post_disaster_r768_c512,santa-rosa-wildfire,0.0,False,0,0,0,0,0,65536,,,0.0
santa-rosa-wildfire_00000005_post_disaster_r0_c0,santa-rosa-wildfire,0.06597900390625,True,4324,2035,1877,158,2447,61054,0.5903443937726057,0.41878625613565373,
santa-rosa-wildfire_00000005_post_disaster_r0_c256,santa-rosa-wildfire,0.0131683349609375,True,863,1386,833,553,30,64120,0.7407736771898622,0.588276836158192,
santa-rosa-wildfire_00000005_post_disaster_r256_c0,santa-rosa-wildfire,0.3753662109375,True,24600,21067,20317,750,4283,40186,0.8897891256268202,0.8014595660749507,
santa-rosa-wildfire_00000005_post_disaster_r256_c256,santa-rosa-wildfire,0.5549774169921875,True,36371,6254,4596,1658,31775,27507,0.21564809384164224,0.12085513686923137,
santa-rosa-wildfire_00000022_post_disaster_r256_c256,santa-rosa-wildfire,0.0,False,0,0,0,0,0,65536,,,0.0
santa-rosa-wildfire_00000022_post_disaster_r512_c512,santa-rosa-wildfire,0.0,False,0,0,0,0,0,65536,,,0.0
santa-rosa-wildfire_00000022_post_disaster_r768_c512,santa-rosa-wildfire,0.0,False,0,0,0,0,0,65536,,,0.0
santa-rosa-wildfire_00000026_post_disaster_r0_c0,santa-rosa-wildfire,0.0209808349609375,True,1375,1633,929,704,446,63457,0.617686170212766,0.44684944684944683,
santa-rosa-wildfire_00000026_post_disaster_r0_c256,santa-rosa-wildfire,0.0243072509765625,True,1593,1792,1373,419,220,63524,0.8112259970457902,0.6824055666003976,
santa-rosa-wildfire_00000026_post_disaster_r256_c256,santa-rosa-wildfire,0.032928466796875,True,2158,2277,1885,392,273,62986,0.8500563697857948,0.7392156862745098,
santa-rosa-wildfire_00000026_post_disaster_r256_c768,santa-rosa-wildfire,0.047576904296875,True,3118,2866,2504,362,614,62056,0.8368983957219251,0.7195402298850575,
santa-rosa-wildfire_00000026_post_disaster_r512_c256,santa-rosa-wildfire,0.0,False,0,0,0,0,0,65536,,,0.0
santa-rosa-wildfire_00000026_post_disaster_r512_c512,santa-rosa-wildfire,0.0,False,0,0,0,0,0,65536,,,0.0
santa-rosa-wildfire_00000026_post_disaster_r512_c768,santa-rosa-wildfire,0.0115509033203125,True,757,862,588,274,169,64505,0.7263743051266214,0.5703200775945684,
santa-rosa-wildfire_00000026_post_disaster_r768_c512,santa-rosa-wildfire,0.040863037109375,True,2678,1944,1555,389,1123,62469,0.6728688879273041,0.5070101075970004,
santa-rosa-wildfire_00000026_post_disaster_r768_c768,santa-rosa-wildfire,0.0,False,0,0,0,0,0,65536,,,0.0
santa-rosa-wildfire_00000039_post_disaster_r0_c768,santa-rosa-wildfire,0.061004638671875,True,3998,4982,3667,1315,331,60223,0.8167037861915367,0.6901938641069076,
santa-rosa-wildfire_00000039_post_disaster_r256_c512,santa-rosa-wildfire,0.0230255126953125,True,1509,1440,1272,168,237,63859,0.8626653102746694,0.7584973166368515,
santa-rosa-wildfire_00000039_post_disaster_r256_c768,santa-rosa-wildfire,0.1040496826171875,True,6819,7912,6039,1873,780,56844,0.8199036046432693,0.6947768062586286,
santa-rosa-wildfire_00000039_post_disaster_r512_c0,santa-rosa-wildfire,0.0,False,0,0,0,0,0,65536,,,0.0
santa-rosa-wildfire_00000039_post_disaster_r512_c256,santa-rosa-wildfire,0.0668487548828125,True,4381,5146,4123,1023,258,60132,0.8655400440852314,0.7629533678756477,
santa-rosa-wildfire_00000039_post_disaster_r512_c512,santa-rosa-wildfire,0.073455810546875,True,4814,5360,4532,828,282,59894,0.8908983683900138,0.8032612548741581,
santa-rosa-wildfire_00000039_post_disaster_r768_c256,santa-rosa-wildfire,0.1089630126953125,True,7141,7041,6434,607,707,57788,0.9073473417007474,0.8304078471863707,
santa-rosa-wildfire_00000039_post_disaster_r768_c512,santa-rosa-wildfire,0.0117034912109375,True,767,2417,750,1667,17,63102,0.47110552763819097,0.30813475760065734,
santa-rosa-wildfire_00000063_post_disaster_r0_c0,santa-rosa-wildfire,0.281219482421875,True,18430,22317,16693,5624,1737,41482,0.8193486637053035,0.6939802111914858,
santa-rosa-wildfire_00000063_post_disaster_r0_c256,santa-rosa-wildfire,0.2587127685546875,True,16955,23108,15870,7238,1085,41343,0.7922522027806205,0.6559748687636919,
santa-rosa-wildfire_00000063_post_disaster_r0_c512,santa-rosa-wildfire,0.1800994873046875,True,11803,15342,10310,5032,1493,48701,0.7596242401915638,0.6124146124146124,
santa-rosa-wildfire_00000063_post_disaster_r0_c768,santa-rosa-wildfire,0.1194000244140625,True,7825,9086,5806,3280,2019,54431,0.6866536573827686,0.5228275551553354,
santa-rosa-wildfire_00000063_post_disaster_r256_c0,santa-rosa-wildfire,0.311004638671875,True,20382,24363,17708,6655,2674,38499,0.7915074309978769,0.6549543218552354,
santa-rosa-wildfire_00000063_post_disaster_r256_c256,santa-rosa-wildfire,0.2586517333984375,True,16951,23668,15695,7973,1256,40612,0.7727910583716979,0.6297143315679666,
santa-rosa-wildfire_00000063_post_disaster_r256_c512,santa-rosa-wildfire,0.1912078857421875,True,12531,14957,10361,4596,2170,48409,0.7538562281722934,0.6049512465697436,
santa-rosa-wildfire_00000063_post_disaster_r256_c768,santa-rosa-wildfire,0.1405181884765625,True,9209,11778,8605,3173,604,53154,0.8200314480392624,0.6949604264254563,
santa-rosa-wildfire_00000063_post_disaster_r512_c0,santa-rosa-wildfire,0.2340545654296875,True,15339,19293,13823,5470,1516,44727,0.7982790482790483,0.6642798788985536,
santa-rosa-wildfire_00000063_post_disaster_r512_c256,santa-rosa-wildfire,0.2585296630859375,True,16943,20106,15233,4873,1710,43720,0.8223163918054468,0.6982489915658232,
santa-rosa-wildfire_00000063_post_disaster_r512_c512,santa-rosa-wildfire,0.1421051025390625,True,9313,10606,8575,2031,738,54192,0.8609869973392239,0.7559062059238364,
santa-rosa-wildfire_00000063_post_disaster_r512_c768,santa-rosa-wildfire,0.0653228759765625,True,4281,5719,3934,1785,347,59470,0.7868,0.6485328058028355,
santa-rosa-wildfire_00000063_post_disaster_r768_c0,santa-rosa-wildfire,0.1570892333984375,True,10295,10722,8133,2589,2162,52652,0.7739449017462054,0.6312480596088171,
santa-rosa-wildfire_00000063_post_disaster_r768_c256,santa-rosa-wildfire,0.2159576416015625,True,14153,20603,12231,8372,1922,43011,0.7038209230060997,0.5429966703662598,
santa-rosa-wildfire_00000063_post_disaster_r768_c512,santa-rosa-wildfire,0.2215423583984375,True,14519,18543,12741,5802,1778,45215,0.7707337729114996,0.6269868608828306,
santa-rosa-wildfire_00000063_post_disaster_r768_c768,santa-rosa-wildfire,0.1320037841796875,True,8651,9715,6410,3305,2241,53580,0.6980289665686594,0.5361324857811978,
santa-rosa-wildfire_00000069_post_disaster_r256_c0,santa-rosa-wildfire,0.0,False,0,0,0,0,0,65536,,,0.0
santa-rosa-wildfire_00000069_post_disaster_r256_c512,santa-rosa-wildfire,0.0,False,0,239,0,239,0,65297,,,0.0036468505859375
santa-rosa-wildfire_00000069_post_disaster_r512_c0,santa-rosa-wildfire,0.0194854736328125,True,1277,1151,1042,109,235,64150,0.8583196046128501,0.7518037518037518,
santa-rosa-wildfire_00000069_post_disaster_r512_c256,santa-rosa-wildfire,0.009429931640625,True,618,520,474,46,144,64872,0.8330404217926186,0.713855421686747,
santa-rosa-wildfire_00000069_post_disaster_r768_c256,santa-rosa-wildfire,0.0,False,0,0,0,0,0,65536,,,0.0
santa-rosa-wildfire_00000078_post_disaster_r0_c0,santa-rosa-wildfire,0.0753631591796875,True,4939,5117,4132,985,807,59612,0.8217979315831344,0.6975016880486158,
santa-rosa-wildfire_00000078_post_disaster_r0_c512,santa-rosa-wildfire,0.0194854736328125,True,1277,1072,738,334,539,63925,0.6283524904214559,0.4581005586592179,
santa-rosa-wildfire_00000078_post_disaster_r256_c0,santa-rosa-wildfire,0.0149078369140625,True,977,853,797,56,180,64503,0.8710382513661202,0.771539206195547,
santa-rosa-wildfire_00000078_post_disaster_r256_c512,santa-rosa-wildfire,0.0,False,0,0,0,0,0,65536,,,0.0
santa-rosa-wildfire_00000078_post_disaster_r512_c512,santa-rosa-wildfire,0.0,False,0,0,0,0,0,65536,,,0.0
santa-rosa-wildfire_00000091_post_disaster_r0_c768,santa-rosa-wildfire,0.0797576904296875,True,5227,6100,4609,1491,618,58818,0.813807716076631,0.6860672819291456,
santa-rosa-wildfire_00000091_post_disaster_r256_c512,santa-rosa-wildfire,0.0,False,0,0,0,0,0,65536,,,0.0
santa-rosa-wildfire_00000091_post_disaster_r256_c768,santa-rosa-wildfire,0.0070648193359375,True,463,742,436,306,27,64767,0.7236514522821577,0.5669700910273082,
santa-rosa-wildfire_00000091_post_disaster_r768_c256,santa-rosa-wildfire,0.0,False,0,0,0,0,0,65536,,,0.0
santa-rosa-wildfire_00000098_post_disaster_r0_c0,santa-rosa-wildfire,0.0340728759765625,True,2233,1865,1490,375,743,62928,0.7271839921913128,0.571319018404908,
santa-rosa-wildfire_00000098_post_disaster_r0_c256,santa-rosa-wildfire,0.059661865234375,True,3910,3556,2847,709,1063,60917,0.7626573801232253,0.6163671790430829,
santa-rosa-wildfire_00000098_post_disaster_r0_c512,santa-rosa-wildfire,0.103973388671875,True,6814,7093,5468,1625,1346,57097,0.786366577982311,0.6479440692025121,
santa-rosa-wildfire_00000098_post_disaster_r0_c768,santa-rosa-wildfire,0.0799407958984375,True,5239,5666,4702,964,537,59333,0.8623567171022467,0.7580203127518943,
santa-rosa-wildfire_00000098_post_disaster_r256_c256,santa-rosa-wildfire,0.0959930419921875,True,6291,5817,5267,550,1024,58695,0.870003303600925,0.7699166788481216,
santa-rosa-wildfire_00000098_post_disaster_r256_c512,santa-rosa-wildfire,0.0699615478515625,True,4585,8651,3697,4954,888,55997,0.5586279842852826,0.387566830904707,
santa-rosa-wildfire_00000098_post_disaster_r256_c768,santa-rosa-wildfire,0.0345916748046875,True,2267,3917,2119,1798,148,61471,0.6853169469598965,0.521279212792128,
santa-rosa-wildfire_00000098_post_disaster_r512_c0,santa-rosa-wildfire,0.06890869140625,True,4516,3425,2517,908,1999,60112,0.6339251983377409,0.46404867256637167,
santa-rosa-wildfire_00000098_post_disaster_r512_c256,santa-rosa-wildfire,0.0767059326171875,True,5027,4869,3161,1708,1866,58801,0.6388439773645918,0.46933927245731255,
santa-rosa-wildfire_00000098_post_disaster_r512_c512,santa-rosa-wildfire,0.06842041015625,True,4484,4634,3811,823,673,60229,0.8359289317832858,0.7181081590352365,
santa-rosa-wildfire_00000098_post_disaster_r512_c768,santa-rosa-wildfire,0.0189056396484375,True,1239,3666,1182,2484,57,61813,0.4819571865443425,0.3174858984689766,
santa-rosa-wildfire_00000098_post_disaster_r768_c0,santa-rosa-wildfire,0.0460357666015625,True,3017,3327,2491,836,526,61683,0.7853089533417402,0.6465092135997924,
santa-rosa-wildfire_00000098_post_disaster_r768_c256,santa-rosa-wildfire,0.088165283203125,True,5778,6195,5034,1161,744,58597,0.8408920070157855,0.7254647643752702,
santa-rosa-wildfire_00000098_post_disaster_r768_c512,santa-rosa-wildfire,0.0425262451171875,True,2787,3270,2112,1158,675,61591,0.6973749380881624,0.535361216730038,
santa-rosa-wildfire_00000098_post_disaster_r768_c768,santa-rosa-wildfire,0.0623626708984375,True,4087,3362,2860,502,1227,60947,0.7678883071553229,0.623229461756374,
santa-rosa-wildfire_00000111_post_disaster_r0_c0,santa-rosa-wildfire,0.02301025390625,True,1508,1622,1393,229,115,63799,0.8900958466453675,0.8019573978123201,
santa-rosa-wildfire_00000111_post_disaster_r0_c256,santa-rosa-wildfire,0.0341339111328125,True,2237,2018,1804,214,433,63085,0.8479435957696827,0.7360261117911057,
santa-rosa-wildfire_00000111_post_disaster_r0_c768,santa-rosa-wildfire,0.022216796875,True,1456,1493,1105,388,351,63692,0.7494065785011869,0.5992407809110629,
santa-rosa-wildfire_00000111_post_disaster_r256_c0,santa-rosa-wildfire,0.0,False,0,0,0,0,0,65536,,,0.0
santa-rosa-wildfire_00000111_post_disaster_r256_c256,santa-rosa-wildfire,0.0058135986328125,True,381,653,378,275,3,64880,0.7311411992263056,0.5762195121951219,
santa-rosa-wildfire_00000111_post_disaster_r256_c512,santa-rosa-wildfire,0.26409912109375,True,17308,19538,15659,3879,1649,44349,0.8499701460131358,0.7390852881483929,
santa-rosa-wildfire_00000111_post_disaster_r512_c0,santa-rosa-wildfire,0.0,False,0,157,0,157,0,65379,,,0.0023956298828125
santa-rosa-wildfire_00000111_post_disaster_r512_c256,santa-rosa-wildfire,0.0686798095703125,True,4501,5555,4175,1380,326,59655,0.8303500397772474,0.7099132800544126,
santa-rosa-wildfire_00000111_post_disaster_r512_c512,santa-rosa-wildfire,0.251678466796875,True,16494,18634,14457,4177,2037,44865,0.8231040765201548,0.6993856126941125,
santa-rosa-wildfire_00000111_post_disaster_r768_c256,santa-rosa-wildfire,0.06695556640625,True,4388,4975,4126,849,262,60299,0.8813414503898324,0.7878556425434409,
santa-rosa-wildfire_00000111_post_disaster_r768_c512,santa-rosa-wildfire,0.116729736328125,True,7650,8573,7094,1479,556,56407,0.8745608087283486,0.7770840179647278,
santa-rosa-wildfire_00000124_post_disaster_r0_c0,santa-rosa-wildfire,0.2309417724609375,True,15135,18897,14024,4873,1111,45528,0.8241654913023038,0.7009196321471411,
santa-rosa-wildfire_00000124_post_disaster_r0_c256,santa-rosa-wildfire,0.2752227783203125,True,18037,21144,15545,5599,2492,41900,0.7934968479620224,0.6576831951260789,
santa-rosa-wildfire_00000124_post_disaster_r0_c512,santa-rosa-wildfire,0.1754302978515625,True,11497,14092,10467,3625,1030,50414,0.8180858962835593,0.6921703478375876,
santa-rosa-wildfire_00000124_post_disaster_r0_c768,santa-rosa-wildfire,0.1957855224609375,True,12831,14256,11392,2864,1439,49841,0.8411415069959759,0.7258362535839439,
santa-rosa-wildfire_00000124_post_disaster_r256_c0,santa-rosa-wildfire,0.1844329833984375,True,12087,14213,10832,3381,1255,50068,0.8237262357414449,0.700284458236359,
santa-rosa-wildfire_00000124_post_disaster_r256_c256,santa-rosa-wildfire,0.1880340576171875,True,12323,14429,10672,3757,1651,49456,0.7978468899521531,0.663681592039801,
santa-rosa-wildfire_00000124_post_disaster_r256_c512,santa-rosa-wildfire,0.2471771240234375,True,16199,18957,14364,4593,1835,44744,0.8171578108999886,0.6908426317814544,
santa-rosa-wildfire_00000124_post_disaster_r256_c768,santa-rosa-wildfire,0.1659393310546875,True,10875,12724,9368,3356,1507,51305,0.7939319462689097,0.6582812170613449,
santa-rosa-wildfire_00000124_post_disaster_r512_c512,santa-rosa-wildfire,0.12689208984375,True,8316,9361,7615,1746,701,55474,0.8615715336312723,0.7568077916915126,
santa-rosa-wildfire_00000124_post_disaster_r512_c768,santa-rosa-wildfire,0.1016845703125,True,6664,7883,5854,2029,810,56843,0.8048394858046333,0.6734153916944668,
santa-rosa-wildfire_00000124_post_disaster_r768_c256,santa-rosa-wildfire,0.0373687744140625,True,2449,2535,2288,247,161,62840,0.9181380417335474,0.8486646884272997,
santa-rosa-wildfire_00000124_post_disaster_r768_c512,santa-rosa-wildfire,0.140716552734375,True,9222,9913,8156,1757,1066,54557,0.8524692970995558,0.7428727570817014,
santa-rosa-wildfire_00000124_post_disaster_r768_c768,santa-rosa-wildfire,0.188720703125,True,12368,11953,9950,2003,2418,51165,0.8182229349122158,0.6923665715677406,
santa-rosa-wildfire_00000162_post_disaster_r0_c0,santa-rosa-wildfire,0.0446014404296875,True,2923,3503,2518,985,405,61628,0.7836912542794896,0.6443193449334698,
santa-rosa-wildfire_00000162_post_disaster_r0_c256,santa-rosa-wildfire,0.0696258544921875,True,4563,4987,3398,1589,1165,59384,0.7116230366492147,0.5523407022106632,
santa-rosa-wildfire_00000162_post_disaster_r0_c512,santa-rosa-wildfire,0.0267333984375,True,1752,1928,1439,489,313,63295,0.7820652173913043,0.642124051762606,
santa-rosa-wildfire_00000162_post_disaster_r0_c768,santa-rosa-wildfire,0.038055419921875,True,2494,2644,2228,416,266,62626,0.8672635266640716,0.7656357388316152,
santa-rosa-wildfire_00000162_post_disaster_r256_c0,santa-rosa-wildfire,0.045379638671875,True,2974,3573,2737,836,237,61726,0.8361081411333435,0.7183727034120735,
santa-rosa-wildfire_00000162_post_disaster_r256_c256,santa-rosa-wildfire,0.0518035888671875,True,3395,5516,3257,2259,138,59882,0.7310066210301874,0.5760523523169437,
santa-rosa-wildfire_00000162_post_disaster_r256_c512,santa-rosa-wildfire,0.0735015869140625,True,4817,6606,3913,2693,904,58026,0.6851089906329335,0.5210386151797604,
santa-rosa-wildfire_00000162_post_disaster_r256_c768,santa-rosa-wildfire,0.1004791259765625,True,6585,5326,4379,947,2206,58004,0.7352867097640836,0.5813860860329262,
santa-rosa-wildfire_00000162_post_disaster_r512_c0,santa-rosa-wildfire,0.038360595703125,True,2514,3253,1962,1291,552,61731,0.6804230969308133,0.5156373193166885,
santa-rosa-wildfire_00000162_post_disaster_r512_c256,santa-rosa-wildfire,0.0764617919921875,True,5011,4875,3810,1065,1201,59460,0.7707869714748129,0.6270572745227123,
santa-rosa-wildfire_00000162_post_disaster_r512_c512,santa-rosa-wildfire,0.0642547607421875,True,4211,4626,3082,1544,1129,59781,0.6975217834106597,0.5355343179843615,
santa-rosa-wildfire_00000162_post_disaster_r512_c768,santa-rosa-wildfire,0.0622711181640625,True,4081,4768,3685,1083,396,60372,0.8328624703356311,0.7135941130906274,
santa-rosa-wildfire_00000162_post_disaster_r768_c0,santa-rosa-wildfire,0.0563201904296875,True,3691,4288,2964,1324,727,60521,0.7429502443915278,0.5910269192422731,
santa-rosa-wildfire_00000162_post_disaster_r768_c256,santa-rosa-wildfire,0.0877227783203125,True,5749,6645,5048,1597,701,58190,0.8145877037276101,0.6871766947998911,
santa-rosa-wildfire_00000162_post_disaster_r768_c512,santa-rosa-wildfire,0.0435028076171875,True,2851,4243,2778,1465,73,61220,0.7831970679447421,0.6436515291936978,
santa-rosa-wildfire_00000162_post_disaster_r768_c768,santa-rosa-wildfire,0.005126953125,True,336,491,300,191,36,65009,0.7255139056831923,0.5692599620493358,
santa-rosa-wildfire_00000164_post_disaster_r0_c0,santa-rosa-wildfire,0.0288238525390625,True,1889,2432,1622,810,267,62837,0.7507521407081694,0.6009633197480548,
santa-rosa-wildfire_00000164_post_disaster_r0_c256,santa-rosa-wildfire,0.012786865234375,True,838,933,632,301,206,64397,0.7137210615471485,0.5548726953467954,
santa-rosa-wildfire_00000164_post_disaster_r0_c768,santa-rosa-wildfire,0.021453857421875,True,1406,1363,932,431,474,63699,0.673167208378476,0.5073489384866631,
santa-rosa-wildfire_00000164_post_disaster_r256_c256,santa-rosa-wildfire,0.007476806640625,True,490,356,356,0,134,65046,0.8416075650118203,0.726530612244898,
santa-rosa-wildfire_00000164_post_disaster_r512_c768,santa-rosa-wildfire,0.0926513671875,True,6072,5708,4811,897,1261,58567,0.8168081494057725,0.6903429473382121,
santa-rosa-wildfire_00000164_post_disaster_r768_c0,santa-rosa-wildfire,0.0211181640625,True,1384,1747,1212,535,172,63617,0.7741935483870968,0.631578947368421,
santa-rosa-wildfire_00000164_post_disaster_r768_c256,santa-rosa-wildfire,0.0169677734375,True,1112,1522,931,591,181,63833,0.7069096431283219,0.5466823253082795,
santa-rosa-wildfire_00000164_post_disaster_r768_c512,santa-rosa-wildfire,0.0268707275390625,True,1761,1613,1448,165,313,63610,0.8583283935981031,0.7518172377985463,
santa-rosa-wildfire_00000168_post_disaster_r512_c256,santa-rosa-wildfire,0.047698974609375,True,3126,0,0,0,3126,62410,0.0,0.0,
santa-rosa-wildfire_00000168_post_disaster_r768_c768,santa-rosa-wildfire,0.0,False,0,0,0,0,0,65536,,,0.0
santa-rosa-wildfire_00000170_post_disaster_r0_c0,santa-rosa-wildfire,0.0404815673828125,True,2653,1657,1232,425,1421,62458,0.57169373549884,0.40025990903183883,
santa-rosa-wildfire_00000170_post_disaster_r0_c768,santa-rosa-wildfire,0.049652099609375,True,3254,0,0,0,3254,62282,0.0,0.0,
santa-rosa-wildfire_00000170_post_disaster_r256_c0,santa-rosa-wildfire,0.0346832275390625,True,2273,0,0,0,2273,63263,0.0,0.0,
santa-rosa-wildfire_00000170_post_disaster_r256_c256,santa-rosa-wildfire,0.0283966064453125,True,1861,1676,1428,248,433,63427,0.8074639525021204,0.6770981507823614,
santa-rosa-wildfire_00000170_post_disaster_r256_c512,santa-rosa-wildfire,0.0460968017578125,True,3021,2409,2123,286,898,62229,0.7819521178637201,0.6419715754460236,
santa-rosa-wildfire_00000170_post_disaster_r512_c0,santa-rosa-wildfire,0.0567779541015625,True,3721,2955,1828,1127,1893,60688,0.5476333133612942,0.37706270627062705,
santa-rosa-wildfire_00000170_post_disaster_r512_c256,santa-rosa-wildfire,0.0322113037109375,True,2111,2037,1598,439,513,62986,0.7704918032786885,0.6266666666666667,
santa-rosa-wildfire_00000170_post_disaster_r512_c512,santa-rosa-wildfire,0.0401153564453125,True,2629,2665,2227,438,402,62469,0.8413298073290517,0.7261167264427779,
santa-rosa-wildfire_00000170_post_disaster_r768_c256,santa-rosa-wildfire,0.0153045654296875,True,1003,638,475,163,528,64370,0.578915295551493,0.4073756432246998,
santa-rosa-wildfire_00000170_post_disaster_r768_c512,santa-rosa-wildfire,0.0228271484375,True,1496,1555,1279,276,217,63764,0.8384136348738118,0.7217832957110609,
santa-rosa-wildfire_00000175_post_disaster_r0_c0,santa-rosa-wildfire,0.0,False,0,0,0,0,0,65536,,,0.0
santa-rosa-wildfire_00000175_post_disaster_r0_c768,santa-rosa-wildfire,0.0,False,0,0,0,0,0,65536,,,0.0
santa-rosa-wildfire_00000175_post_disaster_r512_c256,santa-rosa-wildfire,0.0,False,0,0,0,0,0,65536,,,0.0
santa-rosa-wildfire_00000175_post_disaster_r512_c768,santa-rosa-wildfire,0.0,False,0,0,0,0,0,65536,,,0.0
santa-rosa-wildfire_00000175_post_disaster_r768_c768,santa-rosa-wildfire,0.0,False,0,0,0,0,0,65536,,,0.0
santa-rosa-wildfire_00000187_post_disaster_r0_c512,santa-rosa-wildfire,0.0,False,0,0,0,0,0,65536,,,0.0
santa-rosa-wildfire_00000187_post_disaster_r0_c768,santa-rosa-wildfire,0.0,False,0,0,0,0,0,65536,,,0.0
santa-rosa-wildfire_00000187_post_disaster_r256_c0,santa-rosa-wildfire,0.0,False,0,0,0,0,0,65536,,,0.0
santa-rosa-wildfire_00000187_post_disaster_r512_c256,santa-rosa-wildfire,0.0,False,0,0,0,0,0,65536,,,0.0
santa-rosa-wildfire_00000187_post_disaster_r512_c512,santa-rosa-wildfire,0.0,False,0,0,0,0,0,65536,,,0.0
santa-rosa-wildfire_00000187_post_disaster_r768_c0,santa-rosa-wildfire,0.011138916015625,True,730,1366,551,815,179,63991,0.5257633587786259,0.3566343042071197,
santa-rosa-wildfire_00000200_post_disaster_r0_c0,santa-rosa-wildfire,0.0,False,0,0,0,0,0,65536,,,0.0
santa-rosa-wildfire_00000200_post_disaster_r512_c768,santa-rosa-wildfire,0.0,False,0,0,0,0,0,65536,,,0.0
santa-rosa-wildfire_00000200_post_disaster_r768_c512,santa-rosa-wildfire,0.0,False,0,0,0,0,0,65536,,,0.0
santa-rosa-wildfire_00000203_post_disaster_r0_c768,santa-rosa-wildfire,0.0,False,0,0,0,0,0,65536,,,0.0
santa-rosa-wildfire_00000203_post_disaster_r512_c512,santa-rosa-wildfire,0.0,False,0,0,0,0,0,65536,,,0.0
santa-rosa-wildfire_00000203_post_disaster_r768_c256,santa-rosa-wildfire,0.0,False,0,0,0,0,0,65536,,,0.0
santa-rosa-wildfire_00000229_post_disaster_r0_c0,santa-rosa-wildfire,0.0120849609375,True,792,0,0,0,792,64744,0.0,0.0,
santa-rosa-wildfire_00000229_post_disaster_r0_c256,santa-rosa-wildfire,0.0201568603515625,True,1321,0,0,0,1321,64215,0.0,0.0,
santa-rosa-wildfire_00000229_post_disaster_r256_c0,santa-rosa-wildfire,0.012542724609375,True,822,0,0,0,822,64714,0.0,0.0,
santa-rosa-wildfire_00000229_post_disaster_r256_c256,santa-rosa-wildfire,0.052398681640625,True,3434,475,433,42,3001,62060,0.2215400358147864,0.12456846950517837,
santa-rosa-wildfire_00000229_post_disaster_r256_c512,santa-rosa-wildfire,0.0,False,0,0,0,0,0,65536,,,0.0
santa-rosa-wildfire_00000229_post_disaster_r512_c0,santa-rosa-wildfire,0.0059661865234375,True,391,174,27,147,364,64998,0.09557522123893805,0.05018587360594796,
santa-rosa-wildfire_00000229_post_disaster_r512_c256,santa-rosa-wildfire,0.0162811279296875,True,1067,1023,841,182,226,64287,0.8047846889952153,0.6733386709367494,
santa-rosa-wildfire_00000229_post_disaster_r512_c512,santa-rosa-wildfire,0.0443115234375,True,2904,3161,2144,1017,760,61615,0.707007419620775,0.546799285896455,
santa-rosa-wildfire_00000229_post_disaster_r512_c768,santa-rosa-wildfire,0.02117919921875,True,1388,1241,845,396,543,63752,0.6428299733739065,0.4736547085201794,
santa-rosa-wildfire_00000229_post_disaster_r768_c512,santa-rosa-wildfire,0.0,False,0,0,0,0,0,65536,,,0.0
santa-rosa-wildfire_00000235_post_disaster_r0_c256,santa-rosa-wildfire,0.0502777099609375,True,3295,2512,1804,708,1491,61533,0.6213190976407784,0.45066200349737695,
santa-rosa-wildfire_00000235_post_disaster_r0_c768,santa-rosa-wildfire,0.053802490234375,True,3526,3904,3223,681,303,61329,0.867563930013459,0.7661041121939625,
santa-rosa-wildfire_00000235_post_disaster_r256_c0,santa-rosa-wildfire,0.0234527587890625,True,1537,1440,1128,312,409,63687,0.7578098757138059,0.6100594916170903,
santa-rosa-wildfire_00000235_post_disaster_r512_c0,santa-rosa-wildfire,0.0450286865234375,True,2951,3867,2593,1274,358,61311,0.7606336168964506,0.6137278106508876,
santa-rosa-wildfire_00000235_post_disaster_r512_c256,santa-rosa-wildfire,0.030517578125,True,2000,2367,1521,846,479,62690,0.6965880467139913,0.5344342937456079,
santa-rosa-wildfire_00000235_post_disaster_r768_c0,santa-rosa-wildfire,0.0689697265625,True,4520,4545,3469,1076,1051,59940,0.765361279646994,0.6199070764832023,
santa-rosa-wildfire_00000235_post_disaster_r768_c256,santa-rosa-wildfire,0.062957763671875,True,4126,2055,1878,177,2248,61233,0.6076686620287979,0.4364396932372763,
santa-rosa-wildfire_00000235_post_disaster_r768_c512,santa-rosa-wildfire,0.0548248291015625,True,3593,4083,2666,1417,927,60526,0.6946326211568525,0.5321357285429141,
santa-rosa-wildfire_00000235_post_disaster_r768_c768,santa-rosa-wildfire,0.0272369384765625,True,1785,1935,1512,423,273,63328,0.8129032258064516,0.6847826086956522,
santa-rosa-wildfire_00000272_post_disaster_r0_c0,santa-rosa-wildfire,0.0,False,0,0,0,0,0,65536,,,0.0
santa-rosa-wildfire_00000272_post_disaster_r0_c256,santa-rosa-wildfire,0.0216827392578125,True,1421,1500,1147,353,274,63762,0.7853474837384458,0.6465614430665163,
santa-rosa-wildfire_00000272_post_disaster_r256_c0,santa-rosa-wildfire,0.0234832763671875,True,1539,1794,1418,376,121,63621,0.8508850885088509,0.7404699738903394,
santa-rosa-wildfire_00000272_post_disaster_r256_c256,santa-rosa-wildfire,0.007080078125,True,464,2235,369,1866,95,63206,0.2734346054094109,0.15836909871244637,
santa-rosa-wildfire_00000272_post_disaster_r256_c512,santa-rosa-wildfire,0.0391845703125,True,2568,2915,1940,975,628,61993,0.7076418019332482,0.5475585661868473,
santa-rosa-wildfire_00000272_post_disaster_r256_c768,santa-rosa-wildfire,0.0456085205078125,True,2989,3063,2228,835,761,61712,0.7362855254461335,0.5826359832635983,
santa-rosa-wildfire_00000272_post_disaster_r512_c512,santa-rosa-wildfire,0.0,False,0,0,0,0,0,65536,,,0.0
santa-rosa-wildfire_00000272_post_disaster_r512_c768,santa-rosa-wildfire,0.041473388671875,True,2718,3570,2384,1186,334,61632,0.7582697201017812,0.610655737704918,
santa-rosa-wildfire_00000272_post_disaster_r768_c0,santa-rosa-wildfire,0.0537109375,True,3520,2789,2527,262,993,61754,0.8010778253288953,0.6681649920676891,
santa-rosa-wildfire_00000272_post_disaster_r768_c768,santa-rosa-wildfire,0.0,False,0,0,0,0,0,65536,,,0.0
santa-rosa-wildfire_00000276_post_disaster_r0_c0,santa-rosa-wildfire,0.0196533203125,True,1288,993,940,53,348,64195,0.8241999123191582,0.7009694258016406,
santa-rosa-wildfire_00000276_post_disaster_r0_c256,santa-rosa-wildfire,0.0624542236328125,True,4093,3709,3380,329,713,61114,0.8664445014098949,0.7643600180913613,
santa-rosa-wildfire_00000276_post_disaster_r0_c512,santa-rosa-wildfire,0.0673675537109375,True,4415,3759,3121,638,1294,60483,0.7636408123317837,0.6176528794775381,
santa-rosa-wildfire_00000276_post_disaster_r0_c768,santa-rosa-wildfire,0.0264129638671875,True,1731,1518,1388,130,343,63675,0.8544167436134195,0.7458355722729715,
santa-rosa-wildfire_00000276_post_disaster_r256_c256,santa-rosa-wildfire,0.0,False,0,0,0,0,0,65536,,,0.0
santa-rosa-wildfire_00000276_post_disaster_r256_c512,santa-rosa-wildfire,0.00726318359375,True,476,778,419,359,57,64701,0.6682615629984051,0.5017964071856288,
santa-rosa-wildfire_00000276_post_disaster_r256_c768,santa-rosa-wildfire,0.025360107421875,True,1662,921,533,388,1129,63486,0.4126984126984127,0.26,
santa-rosa-wildfire_00000276_post_disaster_r512_c768,santa-rosa-wildfire,0.0363006591796875,True,2379,2554,1916,638,463,62519,0.7768092438678289,0.6350679482930063,
santa-rosa-wildfire_00000276_post_disaster_r768_c256,santa-rosa-wildfire,0.0283966064453125,True,1861,1939,1686,253,175,63422,0.8873684210526316,0.7975402081362346,
santa-rosa-wildfire_00000276_post_disaster_r768_c512,santa-rosa-wildfire,0.007843017578125,True,514,0,0,0,514,65022,0.0,0.0,
santa-rosa-wildfire_00000296_post_disaster_r0_c768,santa-rosa-wildfire,0.0135955810546875,True,891,1060,786,274,105,64371,0.805740645822655,0.6746781115879829,
santa-rosa-wildfire_00000296_post_disaster_r256_c768,santa-rosa-wildfire,0.0205535888671875,True,1347,678,467,211,880,63978,0.46123456790123457,0.29974326059050066,
santa-rosa-wildfire_00000296_post_disaster_r512_c512,santa-rosa-wildfire,0.0384979248046875,True,2523,1588,1243,345,1280,62668,0.6047190464607152,0.43340306834030684,
santa-rosa-wildfire_00000296_post_disaster_r512_c768,santa-rosa-wildfire,0.0,False,0,0,0,0,0,65536,,,0.0
santa-rosa-wildfire_00000301_post_disaster_r0_c0,santa-rosa-wildfire,0.0128936767578125,True,845,1008,704,304,141,64387,0.7598488936859147,0.6127067014795474,
santa-rosa-wildfire_00000301_post_disaster_r0_c512,santa-rosa-wildfire,0.0,False,0,0,0,0,0,65536,,,0.0
santa-rosa-wildfire_00000301_post_disaster_r256_c0,santa-rosa-wildfire,0.0066375732421875,True,435,0,0,0,435,65101,0.0,0.0,
santa-rosa-wildfire_00000301_post_disaster_r512_c512,santa-rosa-wildfire,0.0,False,0,0,0,0,0,65536,,,0.0
santa-rosa-wildfire_00000308_post_disaster_r0_c0,santa-rosa-wildfire,0.0144500732421875,True,947,926,765,161,182,64428,0.816871329418046,0.6904332129963899,
santa-rosa-wildfire_00000308_post_disaster_r256_c256,santa-rosa-wildfire,0.0543670654296875,True,3563,3728,3121,607,442,61366,0.8561239884789467,0.7484412470023981,
santa-rosa-wildfire_00000308_post_disaster_r256_c512,santa-rosa-wildfire,0.01513671875,True,992,956,816,140,176,64404,0.837782340862423,0.7208480565371025,
santa-rosa-wildfire_00000308_post_disaster_r512_c256,santa-rosa-wildfire,0.0407257080078125,True,2669,2614,2287,327,382,62540,0.8657959492712474,0.763351134846462,
santa-rosa-wildfire_00000308_post_disaster_r512_c512,santa-rosa-wildfire,0.043182373046875,True,2830,2441,1985,456,845,62250,0.7531777651299564,0.6040779062690201,
santa-rosa-wildfire_00000308_post_disaster_r768_c512,santa-rosa-wildfire,0.051910400390625,True,3402,3636,2818,818,584,61316,0.800795680591077,0.6677725118483412,
santa-rosa-wildfire_00000315_post_disaster_r0_c512,santa-rosa-wildfire,0.0,False,0,0,0,0,0,65536,,,0.0
santa-rosa-wildfire_00000315_post_disaster_r512_c256,santa-rosa-wildfire,0.0,False,0,0,0,0,0,65536,,,0.0
santa-rosa-wildfire_00000315_post_disaster_r768_c0,santa-rosa-wildfire,0.0129241943359375,True,847,1191,619,572,228,64117,0.6074582924435721,0.43622269203664554,
santa-rosa-wildfire_00000331_post_disaster_r0_c768,santa-rosa-wildfire,0.0163421630859375,True,1071,2144,1067,1077,4,63388,0.6637636080870918,0.4967411545623836,
santa-rosa-wildfire_00000331_post_disaster_r256_c768,santa-rosa-wildfire,0.0,False,0,0,0,0,0,65536,,,0.0
santa-rosa-wildfire_00000331_post_disaster_r768_c768,santa-rosa-wildfire,0.0,False,0,0,0,0,0,65536,,,0.0
santa-rosa-wildfire_00000338_post_disaster_r0_c768,santa-rosa-wildfire,0.0224151611328125,True,1469,0,0,0,1469,64067,0.0,0.0,
santa-rosa-wildfire_00000356_post_disaster_r0_c0,santa-rosa-wildfire,0.01055908203125,True,692,516,217,299,475,64545,0.35927152317880795,0.218970736629667,
santa-rosa-wildfire_00000356_post_disaster_r0_c256,santa-rosa-wildfire,0.025909423828125,True,1698,1083,968,115,730,63723,0.6961524631427544,0.5339216767788196,
santa-rosa-wildfire_00000356_post_disaster_r256_c0,santa-rosa-wildfire,0.020843505859375,True,1366,2020,1173,847,193,63323,0.6928529238038984,0.5300497062810664,
santa-rosa-wildfire_00000356_post_disaster_r256_c256,santa-rosa-wildfire,0.0,False,0,0,0,0,0,65536,,,0.0
santa-rosa-wildfire_00000356_post_disaster_r256_c512,santa-rosa-wildfire,0.0,False,0,1159,0,1159,0,64377,,,0.0176849365234375
santa-rosa-wildfire_00000356_post_disaster_r512_c0,santa-rosa-wildfire,0.0,False,0,0,0,0,0,65536,,,0.0
santa-rosa-wildfire_00000356_post_disaster_r768_c512,santa-rosa-wildfire,0.0,False,0,0,0,0,0,65536,,,0.0
santa-rosa-wildfire_00000361_post_disaster_r0_c0,santa-rosa-wildfire,0.03997802734375,True,2620,2738,1666,1072,954,61844,0.6218738335199702,0.45124593716143013,
santa-rosa-wildfire_00000361_post_disaster_r768_c0,santa-rosa-wildfire,0.0,False,0,0,0,0,0,65536,,,0.0
santa-rosa-wildfire_00000362_post_disaster_r0_c0,santa-rosa-wildfire,0.0,False,0,0,0,0,0,65536,,,0.0
santa-rosa-wildfire_00000362_post_disaster_r512_c0,santa-rosa-wildfire,0.0,False,0,9,0,9,0,65527,,,0.0001373291015625
santa-rosa-wildfire_00000362_post_disaster_r768_c512,santa-rosa-wildfire,0.0,False,0,0,0,0,0,65536,,,0.0
santa-rosa-wildfire_00000372_post_disaster_r0_c512,santa-rosa-wildfire,0.0,False,0,0,0,0,0,65536,,,0.0
santa-rosa-wildfire_00000372_post_disaster_r768_c768,santa-rosa-wildfire,0.0,False,0,0,0,0,0,65536,,,0.0
socal-fire_00000001_post_disaster_r0_c0,socal-fire,0.0,False,0,0,0,0,0,65536,,,0.0
socal-fire_00000001_post_disaster_r0_c512,socal-fire,0.0,False,0,0,0,0,0,65536,,,0.0
socal-fire_00000001_post_disaster_r0_c768,socal-fire,0.0,False,0,0,0,0,0,65536,,,0.0
socal-fire_00000002_post_disaster_r0_c512,socal-fire,0.0,False,0,0,0,0,0,65536,,,0.0
socal-fire_00000002_post_disaster_r0_c768,socal-fire,0.0,False,0,0,0,0,0,65536,,,0.0
socal-fire_00000002_post_disaster_r256_c0,socal-fire,0.0,False,0,293,0,293,0,65243,,,0.0044708251953125
socal-fire_00000002_post_disaster_r256_c256,socal-fire,0.0,False,0,0,0,0,0,65536,,,0.0
socal-fire_00000008_post_disaster_r256_c256,socal-fire,0.0,False,0,0,0,0,0,65536,,,0.0
socal-fire_00000042_post_disaster_r0_c0,socal-fire,0.0,False,0,0,0,0,0,65536,,,0.0
socal-fire_00000042_post_disaster_r256_c768,socal-fire,0.0,False,0,0,0,0,0,65536,,,0.0
socal-fire_00000042_post_disaster_r768_c512,socal-fire,0.0,False,0,0,0,0,0,65536,,,0.0
socal-fire_00000042_post_disaster_r768_c768,socal-fire,0.0,False,0,0,0,0,0,65536,,,0.0
socal-fire_00000073_post_disaster_r0_c256,socal-fire,0.0,False,0,0,0,0,0,65536,,,0.0
socal-fire_00000073_post_disaster_r768_c0,socal-fire,0.0,False,0,0,0,0,0,65536,,,0.0
socal-fire_00000073_post_disaster_r768_c256,socal-fire,0.0,False,0,0,0,0,0,65536,,,0.0
socal-fire_00000078_post_disaster_r0_c768,socal-fire,0.0,False,0,0,0,0,0,65536,,,0.0
socal-fire_00000078_post_disaster_r256_c512,socal-fire,0.0,False,0,0,0,0,0,65536,,,0.0
socal-fire_00000082_post_disaster_r0_c256,socal-fire,0.0078887939453125,True,517,441,351,90,166,64929,0.732776617954071,0.5782537067545305,
socal-fire_00000082_post_disaster_r0_c512,socal-fire,0.031890869140625,True,2090,2305,1686,619,404,62827,0.7672354948805461,0.6223698781838317,
socal-fire_00000082_post_disaster_r256_c0,socal-fire,0.009765625,True,640,718,582,136,58,64760,0.8571428571428571,0.75,
socal-fire_00000082_post_disaster_r256_c512,socal-fire,0.020843505859375,True,1366,1148,859,289,507,63881,0.6833731105807478,0.5190332326283988,
socal-fire_00000082_post_disaster_r256_c768,socal-fire,0.01812744140625,True,1188,1247,657,590,531,63758,0.5396303901437371,0.3695163104611924,
socal-fire_00000082_post_disaster_r512_c0,socal-fire,0.02862548828125,True,1876,2707,1723,984,153,62676,0.7519092297621646,0.6024475524475524,
socal-fire_00000082_post_disaster_r512_c768,socal-fire,0.0151824951171875,True,995,1615,600,1015,395,63526,0.45977011494252873,0.29850746268656714,
socal-fire_00000107_post_disaster_r512_c768,socal-fire,0.0,False,0,0,0,0,0,65536,,,0.0
socal-fire_00000107_post_disaster_r768_c256,socal-fire,0.0,False,0,0,0,0,0,65536,,,0.0
socal-fire_00000110_post_disaster_r512_c512,socal-fire,0.0,False,0,0,0,0,0,65536,,,0.0
socal-fire_00000110_post_disaster_r512_c768,socal-fire,0.0,False,0,0,0,0,0,65536,,,0.0
socal-fire_00000110_post_disaster_r768_c768,socal-fire,0.0,False,0,0,0,0,0,65536,,,0.0
socal-fire_00000136_post_disaster_r0_c256,socal-fire,0.0,False,0,0,0,0,0,65536,,,0.0
socal-fire_00000136_post_disaster_r512_c768,socal-fire,0.0,False,0,0,0,0,0,65536,,,0.0
socal-fire_00000157_post_disaster_r0_c256,socal-fire,0.0,False,0,0,0,0,0,65536,,,0.0
socal-fire_00000157_post_disaster_r256_c0,socal-fire,0.0,False,0,0,0,0,0,65536,,,0.0
socal-fire_00000157_post_disaster_r512_c0,socal-fire,0.0,False,0,0,0,0,0,65536,,,0.0
socal-fire_00000157_post_disaster_r768_c256,socal-fire,0.0,False,0,0,0,0,0,65536,,,0.0
socal-fire_00000204_post_disaster_r0_c256,socal-fire,0.0191192626953125,True,1253,0,0,0,1253,64283,0.0,0.0,
socal-fire_00000204_post_disaster_r256_c512,socal-fire,0.0,False,0,0,0,0,0,65536,,,0.0
socal-fire_00000204_post_disaster_r256_c768,socal-fire,0.0,False,0,0,0,0,0,65536,,,0.0
socal-fire_00000204_post_disaster_r768_c0,socal-fire,0.0,False,0,0,0,0,0,65536,,,0.0
socal-fire_00000204_post_disaster_r768_c256,socal-fire,0.0,False,0,0,0,0,0,65536,,,0.0
socal-fire_00000220_post_disaster_r0_c0,socal-fire,0.0,False,0,0,0,0,0,65536,,,0.0
socal-fire_00000220_post_disaster_r0_c768,socal-fire,0.0,False,0,0,0,0,0,65536,,,0.0
socal-fire_00000220_post_disaster_r256_c0,socal-fire,0.0,False,0,0,0,0,0,65536,,,0.0
socal-fire_00000220_post_disaster_r768_c0,socal-fire,0.013671875,True,896,1724,0,1724,896,62916,0.0,0.0,
socal-fire_00000220_post_disaster_r768_c256,socal-fire,0.0260772705078125,True,1709,1389,724,665,985,63162,0.46739832149774047,0.3049705139005897,
socal-fire_00000224_post_disaster_r512_c0,socal-fire,0.0,False,0,0,0,0,0,65536,,,0.0
socal-fire_00000224_post_disaster_r768_c0,socal-fire,0.0,False,0,0,0,0,0,65536,,,0.0
socal-fire_00000228_post_disaster_r0_c0,socal-fire,0.0,False,0,0,0,0,0,65536,,,0.0
socal-fire_00000228_post_disaster_r512_c0,socal-fire,0.0218505859375,True,1432,1236,963,273,469,63831,0.7218890554722639,0.5648093841642229,
socal-fire_00000228_post_disaster_r512_c256,socal-fire,0.0,False,0,0,0,0,0,65536,,,0.0
socal-fire_00000228_post_disaster_r512_c768,socal-fire,0.0208740234375,True,1368,1444,1264,180,104,63988,0.89900426742532,0.8165374677002584,
socal-fire_00000228_post_disaster_r768_c0,socal-fire,0.012451171875,True,816,826,706,120,110,64600,0.8599269183922046,0.7542735042735043,
socal-fire_00000228_post_disaster_r768_c768,socal-fire,0.0162353515625,True,1064,597,594,3,470,64469,0.7152317880794702,0.5567010309278351,
socal-fire_00000239_post_disaster_r0_c512,socal-fire,0.0,False,0,0,0,0,0,65536,,,0.0
socal-fire_00000239_post_disaster_r0_c768,socal-fire,0.0,False,0,0,0,0,0,65536,,,0.0
socal-fire_00000239_post_disaster_r256_c256,socal-fire,0.0,False,0,0,0,0,0,65536,,,0.0
socal-fire_00000239_post_disaster_r768_c0,socal-fire,0.0,False,0,0,0,0,0,65536,,,0.0
socal-fire_00000264_post_disaster_r256_c512,socal-fire,0.0,False,0,0,0,0,0,65536,,,0.0
socal-fire_00000264_post_disaster_r256_c768,socal-fire,0.0,False,0,0,0,0,0,65536,,,0.0
socal-fire_00000264_post_disaster_r512_c256,socal-fire,0.0,False,0,0,0,0,0,65536,,,0.0
socal-fire_00000264_post_disaster_r768_c512,socal-fire,0.0,False,0,0,0,0,0,65536,,,0.0
socal-fire_00000265_post_disaster_r512_c0,socal-fire,0.010498046875,True,688,898,661,237,27,64611,0.8335435056746532,0.7145945945945946,
socal-fire_00000265_post_disaster_r512_c256,socal-fire,0.009002685546875,True,590,634,419,215,171,64731,0.684640522875817,0.5204968944099378,
socal-fire_00000301_post_disaster_r0_c256,socal-fire,0.050201416015625,True,3290,4059,3236,823,54,61423,0.8806640359232548,0.7867736445416971,
socal-fire_00000301_post_disaster_r0_c512,socal-fire,0.0,False,0,0,0,0,0,65536,,,0.0
socal-fire_00000301_post_disaster_r512_c512,socal-fire,0.0,False,0,0,0,0,0,65536,,,0.0
socal-fire_00000301_post_disaster_r768_c768,socal-fire,0.0,False,0,0,0,0,0,65536,,,0.0
socal-fire_00000311_post_disaster_r512_c768,socal-fire,0.0,False,0,0,0,0,0,65536,,,0.0
socal-fire_00000311_post_disaster_r768_c512,socal-fire,0.0,False,0,0,0,0,0,65536,,,0.0
socal-fire_00000311_post_disaster_r768_c768,socal-fire,0.0,False,0,0,0,0,0,65536,,,0.0
socal-fire_00000313_post_disaster_r256_c0,socal-fire,0.0,False,0,0,0,0,0,65536,,,0.0
socal-fire_00000313_post_disaster_r256_c512,socal-fire,0.0,False,0,0,0,0,0,65536,,,0.0
socal-fire_00000313_post_disaster_r768_c0,socal-fire,0.0,False,0,0,0,0,0,65536,,,0.0
socal-fire_00000313_post_disaster_r768_c512,socal-fire,0.0,False,0,0,0,0,0,65536,,,0.0
socal-fire_00000340_post_disaster_r0_c0,socal-fire,0.0,False,0,0,0,0,0,65536,,,0.0
socal-fire_00000340_post_disaster_r256_c0,socal-fire,0.0,False,0,1129,0,1129,0,64407,,,0.0172271728515625
socal-fire_00000340_post_disaster_r768_c0,socal-fire,0.0233612060546875,True,1531,726,681,45,850,63960,0.6034559149313248,0.43210659898477155,
socal-fire_00000340_post_disaster_r768_c256,socal-fire,0.0,False,0,1176,0,1176,0,64360,,,0.0179443359375
socal-fire_00000343_post_disaster_r0_c512,socal-fire,0.0,False,0,0,0,0,0,65536,,,0.0
socal-fire_00000343_post_disaster_r768_c0,socal-fire,0.026031494140625,True,1706,1976,1464,512,242,63318,0.795219989136339,0.6600541027953111,
socal-fire_00000343_post_disaster_r768_c256,socal-fire,0.007415771484375,True,486,0,0,0,486,65050,0.0,0.0,
socal-fire_00000343_post_disaster_r768_c512,socal-fire,0.0,False,0,0,0,0,0,65536,,,0.0
socal-fire_00000349_post_disaster_r256_c0,socal-fire,0.0,False,0,0,0,0,0,65536,,,0.0
socal-fire_00000349_post_disaster_r512_c768,socal-fire,0.0,False,0,0,0,0,0,65536,,,0.0
socal-fire_00000349_post_disaster_r768_c768,socal-fire,0.0,False,0,0,0,0,0,65536,,,0.0
socal-fire_00000353_post_disaster_r256_c768,socal-fire,0.0,False,0,0,0,0,0,65536,,,0.0
socal-fire_00000353_post_disaster_r512_c512,socal-fire,0.0,False,0,0,0,0,0,65536,,,0.0
socal-fire_00000353_post_disaster_r512_c768,socal-fire,0.0,False,0,0,0,0,0,65536,,,0.0
socal-fire_00000353_post_disaster_r768_c256,socal-fire,0.0,False,0,0,0,0,0,65536,,,0.0
socal-fire_00000353_post_disaster_r768_c512,socal-fire,0.0,False,0,0,0,0,0,65536,,,0.0
socal-fire_00000357_post_disaster_r768_c512,socal-fire,0.0,False,0,0,0,0,0,65536,,,0.0
socal-fire_00000374_post_disaster_r256_c256,socal-fire,0.0,False,0,0,0,0,0,65536,,,0.0
socal-fire_00000374_post_disaster_r512_c512,socal-fire,0.0,False,0,0,0,0,0,65536,,,0.0
socal-fire_00000374_post_disaster_r768_c768,socal-fire,0.0,False,0,0,0,0,0,65536,,,0.0
socal-fire_00000377_post_disaster_r0_c0,socal-fire,0.0,False,0,0,0,0,0,65536,,,0.0
socal-fire_00000377_post_disaster_r512_c256,socal-fire,0.0,False,0,0,0,0,0,65536,,,0.0
socal-fire_00000377_post_disaster_r768_c0,socal-fire,0.0,False,0,0,0,0,0,65536,,,0.0
socal-fire_00000377_post_disaster_r768_c256,socal-fire,0.0,False,0,0,0,0,0,65536,,,0.0
socal-fire_00000377_post_disaster_r768_c768,socal-fire,0.0,False,0,0,0,0,0,65536,,,0.0
socal-fire_00000387_post_disaster_r0_c512,socal-fire,0.01531982421875,True,1004,535,0,535,1004,63997,0.0,0.0,
socal-fire_00000387_post_disaster_r0_c768,socal-fire,0.046295166015625,True,3034,1401,734,667,2300,61835,0.3310033821871477,0.19832477708727372,
socal-fire_00000387_post_disaster_r256_c512,socal-fire,0.0657806396484375,True,4311,1241,995,246,3316,60979,0.3584293948126801,0.2183454026771999,
socal-fire_00000387_post_disaster_r256_c768,socal-fire,0.0416259765625,True,2728,1956,1708,248,1020,62560,0.7292912040990607,0.5739247311827957,
socal-fire_00000387_post_disaster_r512_c512,socal-fire,0.0412445068359375,True,2703,1118,679,439,2024,62394,0.3554043444124575,0.21610439210693824,
socal-fire_00000387_post_disaster_r512_c768,socal-fire,0.0086669921875,True,568,0,0,0,568,64968,0.0,0.0,
socal-fire_00000398_post_disaster_r256_c256,socal-fire,0.0,False,0,0,0,0,0,65536,,,0.0
socal-fire_00000398_post_disaster_r512_c0,socal-fire,0.0,False,0,0,0,0,0,65536,,,0.0
socal-fire_00000411_post_disaster_r256_c256,socal-fire,0.0,False,0,0,0,0,0,65536,,,0.0
socal-fire_00000411_post_disaster_r512_c256,socal-fire,0.0,False,0,0,0,0,0,65536,,,0.0
socal-fire_00000411_post_disaster_r768_c512,socal-fire,0.0,False,0,0,0,0,0,65536,,,0.0
socal-fire_00000429_post_disaster_r0_c768,socal-fire,0.0,False,0,0,0,0,0,65536,,,0.0
socal-fire_00000429_post_disaster_r256_c512,socal-fire,0.0,False,0,0,0,0,0,65536,,,0.0
socal-fire_00000430_post_disaster_r512_c512,socal-fire,0.0,False,0,0,0,0,0,65536,,,0.0
socal-fire_00000430_post_disaster_r512_c768,socal-fire,0.0,False,0,0,0,0,0,65536,,,0.0
socal-fire_00000430_post_disaster_r768_c256,socal-fire,0.0,False,0,0,0,0,0,65536,,,0.0
socal-fire_00000436_post_disaster_r0_c0,socal-fire,0.0349578857421875,True,2291,1647,21,1626,2270,61619,0.010665312341289994,0.005361245851416901,
socal-fire_00000436_post_disaster_r0_c768,socal-fire,0.0,False,0,0,0,0,0,65536,,,0.0
socal-fire_00000436_post_disaster_r256_c0,socal-fire,0.04083251953125,True,2676,922,118,804,2558,62056,0.06559199555308505,0.0339080459770115,
socal-fire_00000436_post_disaster_r256_c256,socal-fire,0.01177978515625,True,772,0,0,0,772,64764,0.0,0.0,
socal-fire_00000447_post_disaster_r0_c512,socal-fire,0.0,False,0,0,0,0,0,65536,,,0.0
socal-fire_00000447_post_disaster_r512_c256,socal-fire,0.0,False,0,0,0,0,0,65536,,,0.0
socal-fire_00000501_post_disaster_r0_c256,socal-fire,0.0738525390625,True,4840,4226,3825,401,1015,60295,0.8438120450033091,0.7298225529479107,
socal-fire_00000501_post_disaster_r256_c0,socal-fire,0.014312744140625,True,938,748,597,151,341,64447,0.708185053380783,0.5482093663911846,
socal-fire_00000501_post_disaster_r256_c256,socal-fire,0.042144775390625,True,2762,2897,2239,658,523,62116,0.7913058844318784,0.6546783625730994,
socal-fire_00000501_post_disaster_r256_c512,socal-fire,0.0068511962890625,True,449,0,0,0,449,65087,0.0,0.0,
socal-fire_00000501_post_disaster_r512_c0,socal-fire,0.01287841796875,True,844,1159,824,335,20,64357,0.8227658512231653,0.6988973706530959,
socal-fire_00000501_post_disaster_r512_c256,socal-fire,0.0363616943359375,True,2383,2566,1907,659,476,62494,0.7706607395433421,0.6268902038132808,
socal-fire_00000505_post_disaster_r256_c0,socal-fire,0.0,False,0,0,0,0,0,65536,,,0.0
socal-fire_00000519_post_disaster_r256_c768,socal-fire,0.0,False,0,0,0,0,0,65536,,,0.0
socal-fire_00000519_post_disaster_r512_c0,socal-fire,0.0,False,0,0,0,0,0,65536,,,0.0
socal-fire_00000519_post_disaster_r768_c0,socal-fire,0.0,False,0,0,0,0,0,65536,,,0.0
socal-fire_00000528_post_disaster_r768_c0,socal-fire,0.0,False,0,0,0,0,0,65536,,,0.0
socal-fire_00000533_post_disaster_r0_c512,socal-fire,0.0,False,0,0,0,0,0,65536,,,0.0
socal-fire_00000533_post_disaster_r768_c0,socal-fire,0.0,False,0,0,0,0,0,65536,,,0.0
socal-fire_00000533_post_disaster_r768_c256,socal-fire,0.0,False,0,0,0,0,0,65536,,,0.0
socal-fire_00000538_post_disaster_r256_c256,socal-fire,0.0,False,0,0,0,0,0,65536,,,0.0
socal-fire_00000540_post_disaster_r256_c0,socal-fire,0.0,False,0,0,0,0,0,65536,,,0.0
socal-fire_00000547_post_disaster_r512_c256,socal-fire,0.0,False,0,0,0,0,0,65536,,,0.0
socal-fire_00000547_post_disaster_r512_c512,socal-fire,0.0,False,0,0,0,0,0,65536,,,0.0
socal-fire_00000547_post_disaster_r768_c512,socal-fire,0.0,False,0,0,0,0,0,65536,,,0.0
socal-fire_00000563_post_disaster_r256_c512,socal-fire,0.0,False,0,0,0,0,0,65536,,,0.0
socal-fire_00000563_post_disaster_r768_c512,socal-fire,0.0,False,0,0,0,0,0,65536,,,0.0
socal-fire_00000572_post_disaster_r0_c512,socal-fire,0.0,False,0,0,0,0,0,65536,,,0.0
socal-fire_00000572_post_disaster_r0_c768,socal-fire,0.0,False,0,0,0,0,0,65536,,,0.0
socal-fire_00000572_post_disaster_r256_c512,socal-fire,0.0,False,0,0,0,0,0,65536,,,0.0
socal-fire_00000578_post_disaster_r0_c768,socal-fire,0.0,False,0,0,0,0,0,65536,,,0.0
socal-fire_00000578_post_disaster_r256_c512,socal-fire,0.0,False,0,0,0,0,0,65536,,,0.0
socal-fire_00000578_post_disaster_r768_c256,socal-fire,0.0,False,0,0,0,0,0,65536,,,0.0
socal-fire_00000584_post_disaster_r0_c768,socal-fire,0.0,False,0,0,0,0,0,65536,,,0.0
socal-fire_00000584_post_disaster_r512_c512,socal-fire,0.0,False,0,0,0,0,0,65536,,,0.0
socal-fire_00000584_post_disaster_r512_c768,socal-fire,0.0,False,0,0,0,0,0,65536,,,0.0
socal-fire_00000584_post_disaster_r768_c256,socal-fire,0.0,False,0,0,0,0,0,65536,,,0.0
socal-fire_00000598_post_disaster_r0_c768,socal-fire,0.0,False,0,0,0,0,0,65536,,,0.0
socal-fire_00000598_post_disaster_r256_c0,socal-fire,0.027557373046875,True,1806,1105,1029,76,777,63654,0.7069735486087255,0.546758767268863,
socal-fire_00000598_post_disaster_r512_c0,socal-fire,0.0203094482421875,True,1331,1645,1203,442,128,63763,0.8084677419354839,0.6785109983079526,
socal-fire_00000598_post_disaster_r768_c512,socal-fire,0.0,False,0,0,0,0,0,65536,,,0.0
socal-fire_00000631_post_disaster_r0_c0,socal-fire,0.024383544921875,True,1598,1318,1070,248,528,63690,0.7338820301783264,0.5796316359696642,
socal-fire_00000631_post_disaster_r0_c256,socal-fire,0.020751953125,True,1360,1215,1113,102,247,64074,0.8644660194174757,0.7612859097127223,
socal-fire_00000631_post_disaster_r256_c768,socal-fire,0.0183563232421875,True,1203,1293,1158,135,45,64198,0.9278846153846154,0.8654708520179372,
socal-fire_00000631_post_disaster_r512_c0,socal-fire,0.0680694580078125,True,4461,6248,3686,2562,775,58513,0.6883929405173219,0.5248469315107503,
socal-fire_00000631_post_disaster_r512_c768,socal-fire,0.0066986083984375,True,439,848,439,409,0,64688,0.6822066822066822,0.5176886792452831,
socal-fire_00000631_post_disaster_r768_c0,socal-fire,0.09454345703125,True,6196,5676,4944,732,1252,58608,0.8328840970350404,0.7136258660508084,
socal-fire_00000631_post_disaster_r768_c512,socal-fire,0.0191497802734375,True,1255,988,794,194,461,64087,0.7079803834150691,0.5479641131815045,
socal-fire_00000657_post_disaster_r512_c512,socal-fire,0.0,False,0,0,0,0,0,65536,,,0.0
socal-fire_00000657_post_disaster_r512_c768,socal-fire,0.1053314208984375,True,6903,6482,4770,1712,2133,56921,0.7127381397086291,0.5536854323853744,
socal-fire_00000657_post_disaster_r768_c0,socal-fire,0.0,False,0,0,0,0,0,65536,,,0.0
socal-fire_00000657_post_disaster_r768_c768,socal-fire,0.2066650390625,True,13544,10562,9246,1316,4298,50676,0.7671119223429852,0.622207267833109,
socal-fire_00000665_post_disaster_r512_c768,socal-fire,0.0,False,0,0,0,0,0,65536,,,0.0
socal-fire_00000665_post_disaster_r768_c768,socal-fire,0.0,False,0,0,0,0,0,65536,,,0.0
socal-fire_00000666_post_disaster_r0_c0,socal-fire,0.01025390625,True,672,922,654,268,18,64596,0.820577164366374,0.6957446808510638,
socal-fire_00000666_post_disaster_r0_c256,socal-fire,0.0453338623046875,True,2971,2323,2161,162,810,62403,0.8163959199093314,0.6897542291733163,
socal-fire_00000666_post_disaster_r256_c0,socal-fire,0.0,False,0,0,0,0,0,65536,,,0.0
socal-fire_00000666_post_disaster_r256_c256,socal-fire,0.0,False,0,0,0,0,0,65536,,,0.0
socal-fire_00000666_post_disaster_r512_c768,socal-fire,0.0,False,0,0,0,0,0,65536,,,0.0
socal-fire_00000666_post_disaster_r768_c0,socal-fire,0.0,False,0,0,0,0,0,65536,,,0.0
socal-fire_00000692_post_disaster_r0_c512,socal-fire,0.0322265625,True,2112,2149,1762,387,350,63037,0.8270359070640695,0.7050820328131252,
socal-fire_00000692_post_disaster_r0_c768,socal-fire,0.02020263671875,True,1324,1643,1025,618,299,63594,0.6909336029659588,0.527806385169928,
socal-fire_00000692_post_disaster_r256_c256,socal-fire,0.070556640625,True,4624,4871,3539,1332,1085,59580,0.745444971037388,0.5941907320349228,
socal-fire_00000692_post_disaster_r256_c512,socal-fire,0.074188232421875,True,4862,5055,3819,1236,1043,59438,0.7701925985681154,0.6262709084945884,
socal-fire_00000692_post_disaster_r512_c256,socal-fire,0.0,False,0,0,0,0,0,65536,,,0.0
socal-fire_00000692_post_disaster_r512_c768,socal-fire,0.0,False,0,0,0,0,0,65536,,,0.0
socal-fire_00000692_post_disaster_r768_c0,socal-fire,0.0,False,0,0,0,0,0,65536,,,0.0
socal-fire_00000692_post_disaster_r768_c768,socal-fire,0.0,False,0,0,0,0,0,65536,,,0.0
socal-fire_00000697_post_disaster_r0_c0,socal-fire,0.0,False,0,0,0,0,0,65536,,,0.0
socal-fire_00000697_post_disaster_r0_c512,socal-fire,0.0,False,0,0,0,0,0,65536,,,0.0
socal-fire_00000697_post_disaster_r0_c768,socal-fire,0.0,False,0,0,0,0,0,65536,,,0.0
socal-fire_00000697_post_disaster_r256_c0,socal-fire,0.0,False,0,0,0,0,0,65536,,,0.0
socal-fire_00000704_post_disaster_r0_c768,socal-fire,0.0,False,0,0,0,0,0,65536,,,0.0
socal-fire_00000725_post_disaster_r768_c512,socal-fire,0.0,False,0,0,0,0,0,65536,,,0.0
socal-fire_00000744_post_disaster_r512_c256,socal-fire,0.0,False,0,21,0,21,0,65515,,,0.0003204345703125
socal-fire_00000744_post_disaster_r512_c768,socal-fire,0.0,False,0,0,0,0,0,65536,,,0.0
socal-fire_00000744_post_disaster_r768_c256,socal-fire,0.0,False,0,0,0,0,0,65536,,,0.0
socal-fire_00000757_post_disaster_r256_c0,socal-fire,0.0,False,0,0,0,0,0,65536,,,0.0
socal-fire_00000757_post_disaster_r256_c256,socal-fire,0.0,False,0,0,0,0,0,65536,,,0.0
socal-fire_00000757_post_disaster_r768_c0,socal-fire,0.0,False,0,0,0,0,0,65536,,,0.0
socal-fire_00000769_post_disaster_r0_c256,socal-fire,0.0,False,0,0,0,0,0,65536,,,0.0
socal-fire_00000769_post_disaster_r256_c256,socal-fire,0.0,False,0,0,0,0,0,65536,,,0.0
socal-fire_00000769_post_disaster_r768_c0,socal-fire,0.0,False,0,0,0,0,0,65536,,,0.0
socal-fire_00000770_post_disaster_r256_c768,socal-fire,0.0,False,0,0,0,0,0,65536,,,0.0
socal-fire_00000770_post_disaster_r512_c0,socal-fire,0.0,False,0,0,0,0,0,65536,,,0.0
socal-fire_00000770_post_disaster_r512_c256,socal-fire,0.0,False,0,0,0,0,0,65536,,,0.0
socal-fire_00000770_post_disaster_r512_c768,socal-fire,0.0,False,0,0,0,0,0,65536,,,0.0
socal-fire_00000776_post_disaster_r0_c768,socal-fire,0.0,False,0,0,0,0,0,65536,,,0.0
socal-fire_00000776_post_disaster_r512_c256,socal-fire,0.0,False,0,0,0,0,0,65536,,,0.0
socal-fire_00000820_post_disaster_r0_c768,socal-fire,0.0,False,0,0,0,0,0,65536,,,0.0
socal-fire_00000820_post_disaster_r256_c256,socal-fire,0.0,False,0,0,0,0,0,65536,,,0.0
socal-fire_00000820_post_disaster_r512_c256,socal-fire,0.0,False,0,0,0,0,0,65536,,,0.0
socal-fire_00000820_post_disaster_r768_c256,socal-fire,0.0,False,0,0,0,0,0,65536,,,0.0
socal-fire_00000821_post_disaster_r256_c512,socal-fire,0.0,False,0,0,0,0,0,65536,,,0.0
socal-fire_00000821_post_disaster_r512_c0,socal-fire,0.03363037109375,True,2204,0,0,0,2204,63332,0.0,0.0,
socal-fire_00000821_post_disaster_r512_c256,socal-fire,0.030914306640625,True,2026,995,664,331,1362,63179,0.4395895398874545,0.28171404327535005,
socal-fire_00000821_post_disaster_r512_c512,socal-fire,0.0,False,0,0,0,0,0,65536,,,0.0
socal-fire_00000821_post_disaster_r768_c0,socal-fire,0.121368408203125,True,7954,7113,5501,1612,2453,55970,0.7302050839583195,0.5750574952958394,
socal-fire_00000821_post_disaster_r768_c256,socal-fire,0.0223388671875,True,1464,879,275,604,1189,63468,0.2347417840375587,0.13297872340425532,
socal-fire_00000821_post_disaster_r768_c512,socal-fire,0.069366455078125,True,4546,5551,3602,1949,944,59041,0.7134792512627514,0.5545804464973056,
socal-fire_00000835_post_disaster_r0_c768,socal-fire,0.0,False,0,0,0,0,0,65536,,,0.0
socal-fire_00000835_post_disaster_r256_c512,socal-fire,0.0,False,0,0,0,0,0,65536,,,0.0
socal-fire_00000835_post_disaster_r768_c768,socal-fire,0.0,False,0,0,0,0,0,65536,,,0.0
socal-fire_00000838_post_disaster_r256_c256,socal-fire,0.0,False,0,0,0,0,0,65536,,,0.0
socal-fire_00000838_post_disaster_r512_c512,socal-fire,0.0,False,0,0,0,0,0,65536,,,0.0
socal-fire_00000838_post_disaster_r768_c256,socal-fire,0.0,False,0,0,0,0,0,65536,,,0.0
socal-fire_00000852_post_disaster_r0_c256,socal-fire,0.0,False,0,0,0,0,0,65536,,,0.0
socal-fire_00000852_post_disaster_r256_c768,socal-fire,0.0,False,0,0,0,0,0,65536,,,0.0
socal-fire_00000858_post_disaster_r256_c256,socal-fire,0.0,False,0,0,0,0,0,65536,,,0.0
socal-fire_00000858_post_disaster_r512_c0,socal-fire,0.0,False,0,0,0,0,0,65536,,,0.0
socal-fire_00000858_post_disaster_r512_c256,socal-fire,0.0,False,0,0,0,0,0,65536,,,0.0
socal-fire_00000891_post_disaster_r0_c512,socal-fire,0.0,False,0,0,0,0,0,65536,,,0.0
socal-fire_00000891_post_disaster_r256_c0,socal-fire,0.0,False,0,0,0,0,0,65536,,,0.0
socal-fire_00000912_post_disaster_r0_c0,socal-fire,0.0,False,0,0,0,0,0,65536,,,0.0
socal-fire_00000912_post_disaster_r256_c256,socal-fire,0.0,False,0,0,0,0,0,65536,,,0.0
socal-fire_00000912_post_disaster_r768_c0,socal-fire,0.0,False,0,0,0,0,0,65536,,,0.0
socal-fire_00000912_post_disaster_r768_c256,socal-fire,0.0,False,0,0,0,0,0,65536,,,0.0
socal-fire_00000912_post_disaster_r768_c512,socal-fire,0.03472900390625,True,2276,0,0,0,2276,63260,0.0,0.0,
socal-fire_00000912_post_disaster_r768_c768,socal-fire,0.0,False,0,42,0,42,0,65494,,,0.000640869140625
socal-fire_00000916_post_disaster_r0_c256,socal-fire,0.0,False,0,0,0,0,0,65536,,,0.0
socal-fire_00000916_post_disaster_r0_c768,socal-fire,0.0,False,0,0,0,0,0,65536,,,0.0
socal-fire_00000916_post_disaster_r768_c512,socal-fire,0.0,False,0,0,0,0,0,65536,,,0.0
socal-fire_00000926_post_disaster_r0_c0,socal-fire,0.0,False,0,0,0,0,0,65536,,,0.0
socal-fire_00000931_post_disaster_r512_c768,socal-fire,0.0,False,0,0,0,0,0,65536,,,0.0
socal-fire_00000931_post_disaster_r768_c256,socal-fire,0.0,False,0,0,0,0,0,65536,,,0.0
socal-fire_00000931_post_disaster_r768_c768,socal-fire,0.0,False,0,0,0,0,0,65536,,,0.0
socal-fire_00000952_post_disaster_r768_c512,socal-fire,0.0,False,0,0,0,0,0,65536,,,0.0
socal-fire_00000964_post_disaster_r0_c0,socal-fire,0.0,False,0,0,0,0,0,65536,,,0.0
socal-fire_00000964_post_disaster_r256_c256,socal-fire,0.0,False,0,0,0,0,0,65536,,,0.0
socal-fire_00000964_post_disaster_r512_c0,socal-fire,0.0,False,0,0,0,0,0,65536,,,0.0
socal-fire_00000964_post_disaster_r512_c512,socal-fire,0.0,False,0,0,0,0,0,65536,,,0.0
socal-fire_00000964_post_disaster_r768_c0,socal-fire,0.0,False,0,0,0,0,0,65536,,,0.0
socal-fire_00000964_post_disaster_r768_c512,socal-fire,0.0,False,0,0,0,0,0,65536,,,0.0
socal-fire_00000978_post_disaster_r256_c256,socal-fire,0.0,False,0,0,0,0,0,65536,,,0.0
socal-fire_00000978_post_disaster_r512_c0,socal-fire,0.0,False,0,0,0,0,0,65536,,,0.0
socal-fire_00000978_post_disaster_r512_c512,socal-fire,0.0,False,0,0,0,0,0,65536,,,0.0
socal-fire_00000987_post_disaster_r0_c768,socal-fire,0.0767364501953125,True,5029,5180,3880,1300,1149,59207,0.7601136252326379,0.6130510349186286,
socal-fire_00000987_post_disaster_r256_c256,socal-fire,0.0100250244140625,True,657,1905,459,1446,198,63433,0.3583138173302108,0.21825962910128388,
socal-fire_00000987_post_disaster_r256_c512,socal-fire,0.0346832275390625,True,2273,2180,1565,615,708,62648,0.7028969234224118,0.5418975069252078,
socal-fire_00000987_post_disaster_r256_c768,socal-fire,0.014495849609375,True,950,0,0,0,950,64586,0.0,0.0,
socal-fire_00000987_post_disaster_r768_c512,socal-fire,0.0,False,0,0,0,0,0,65536,,,0.0
socal-fire_00000991_post_disaster_r512_c0,socal-fire,0.0,False,0,0,0,0,0,65536,,,0.0
socal-fire_00001012_post_disaster_r768_c0,socal-fire,0.0,False,0,0,0,0,0,65536,,,0.0
socal-fire_00001012_post_disaster_r768_c256,socal-fire,0.0,False,0,0,0,0,0,65536,,,0.0
socal-fire_00001023_post_disaster_r0_c0,socal-fire,0.0718231201171875,True,4707,4953,3576,1377,1131,59452,0.7403726708074534,0.5877712031558185,
socal-fire_00001023_post_disaster_r256_c0,socal-fire,0.1673583984375,True,10968,3364,2684,680,8284,53888,0.3745464694390176,0.23042582417582416,
socal-fire_00001023_post_disaster_r256_c256,socal-fire,0.00592041015625,True,388,0,0,0,388,65148,0.0,0.0,
socal-fire_00001023_post_disaster_r512_c0,socal-fire,0.0458221435546875,True,3003,4942,2327,2615,676,59918,0.5857772183763373,0.4142043431826273,
socal-fire_00001023_post_disaster_r512_c256,socal-fire,0.0832672119140625,True,5457,3652,3370,282,2087,59797,0.7399275441870677,0.5872103153859557,
socal-fire_00001023_post_disaster_r768_c0,socal-fire,0.062744140625,True,4112,4354,3274,1080,838,60344,0.7734467280888259,0.6305855161787365,
socal-fire_00001023_post_disaster_r768_c256,socal-fire,0.0429229736328125,True,2813,0,0,0,2813,62723,0.0,0.0,
socal-fire_00001023_post_disaster_r768_c512,socal-fire,0.0211944580078125,True,1389,0,0,0,1389,64147,0.0,0.0,
socal-fire_00001081_post_disaster_r256_c512,socal-fire,0.0,False,0,0,0,0,0,65536,,,0.0
socal-fire_00001081_post_disaster_r512_c512,socal-fire,0.0,False,0,0,0,0,0,65536,,,0.0
socal-fire_00001081_post_disaster_r768_c256,socal-fire,0.0,False,0,0,0,0,0,65536,,,0.0
socal-fire_00001082_post_disaster_r0_c256,socal-fire,0.0,False,0,0,0,0,0,65536,,,0.0
socal-fire_00001082_post_disaster_r0_c768,socal-fire,0.0,False,0,0,0,0,0,65536,,,0.0
socal-fire_00001082_post_disaster_r256_c256,socal-fire,0.0,False,0,0,0,0,0,65536,,,0.0
socal-fire_00001088_post_disaster_r0_c256,socal-fire,0.012725830078125,True,834,419,316,103,518,64599,0.5043894652833201,0.33724653148345785,
socal-fire_00001088_post_disaster_r0_c512,socal-fire,0.010223388671875,True,670,167,167,0,503,64866,0.39904420549581837,0.24925373134328357,
socal-fire_00001088_post_disaster_r0_c768,socal-fire,0.0,False,0,0,0,0,0,65536,,,0.0
socal-fire_00001088_post_disaster_r256_c0,socal-fire,0.0,False,0,0,0,0,0,65536,,,0.0
socal-fire_00001088_post_disaster_r256_c256,socal-fire,0.0083770751953125,True,549,881,302,579,247,64408,0.4223776223776224,0.26773049645390073,
socal-fire_00001088_post_disaster_r256_c512,socal-fire,0.013946533203125,True,914,2190,863,1327,51,63295,0.5560567010309279,0.3850959393128068,
socal-fire_00001088_post_disaster_r512_c0,socal-fire,0.037811279296875,True,2478,2290,1685,605,793,62453,0.7067953020134228,0.5465455724943237,
socal-fire_00001088_post_disaster_r512_c256,socal-fire,0.0,False,0,0,0,0,0,65536,,,0.0
socal-fire_00001088_post_disaster_r512_c512,socal-fire,0.0126800537109375,True,831,0,0,0,831,64705,0.0,0.0,
socal-fire_00001088_post_disaster_r512_c768,socal-fire,0.0,False,0,0,0,0,0,65536,,,0.0
socal-fire_00001088_post_disaster_r768_c512,socal-fire,0.020721435546875,True,1358,0,0,0,1358,64178,0.0,0.0,
socal-fire_00001088_post_disaster_r768_c768,socal-fire,0.0525665283203125,True,3445,2455,1830,625,1615,61466,0.6203389830508474,0.44963144963144963,
socal-fire_00001102_post_disaster_r0_c512,socal-fire,0.0,False,0,0,0,0,0,65536,,,0.0
socal-fire_00001102_post_disaster_r512_c0,socal-fire,0.0,False,0,0,0,0,0,65536,,,0.0
socal-fire_00001106_post_disaster_r256_c256,socal-fire,0.0,False,0,0,0,0,0,65536,,,0.0
socal-fire_00001106_post_disaster_r256_c512,socal-fire,0.0,False,0,0,0,0,0,65536,,,0.0
socal-fire_00001106_post_disaster_r512_c0,socal-fire,0.0,False,0,0,0,0,0,65536,,,0.0
socal-fire_00001112_post_disaster_r256_c256,socal-fire,0.0,False,0,0,0,0,0,65536,,,0.0
socal-fire_00001112_post_disaster_r512_c512,socal-fire,0.0,False,0,0,0,0,0,65536,,,0.0
socal-fire_00001120_post_disaster_r0_c768,socal-fire,0.0,False,0,0,0,0,0,65536,,,0.0
socal-fire_00001120_post_disaster_r256_c512,socal-fire,0.0,False,0,0,0,0,0,65536,,,0.0
socal-fire_00001120_post_disaster_r768_c768,socal-fire,0.00762939453125,True,500,0,0,0,500,65036,0.0,0.0,
socal-fire_00001166_post_disaster_r256_c256,socal-fire,0.0,False,0,0,0,0,0,65536,,,0.0
socal-fire_00001166_post_disaster_r768_c512,socal-fire,0.0,False,0,0,0,0,0,65536,,,0.0
socal-fire_00001167_post_disaster_r0_c512,socal-fire,0.0,False,0,0,0,0,0,65536,,,0.0
socal-fire_00001167_post_disaster_r256_c256,socal-fire,0.0,False,0,0,0,0,0,65536,,,0.0
socal-fire_00001167_post_disaster_r256_c768,socal-fire,0.0,False,0,0,0,0,0,65536,,,0.0
socal-fire_00001171_post_disaster_r256_c0,socal-fire,0.0,False,0,0,0,0,0,65536,,,0.0
socal-fire_00001179_post_disaster_r512_c768,socal-fire,0.0,False,0,0,0,0,0,65536,,,0.0
socal-fire_00001179_post_disaster_r768_c512,socal-fire,0.0,False,0,0,0,0,0,65536,,,0.0
socal-fire_00001179_post_disaster_r768_c768,socal-fire,0.0,False,0,0,0,0,0,65536,,,0.0
socal-fire_00001180_post_disaster_r256_c256,socal-fire,0.0,False,0,0,0,0,0,65536,,,0.0
socal-fire_00001180_post_disaster_r512_c0,socal-fire,0.0,False,0,0,0,0,0,65536,,,0.0
socal-fire_00001184_post_disaster_r0_c256,socal-fire,0.0,False,0,0,0,0,0,65536,,,0.0
socal-fire_00001184_post_disaster_r0_c512,socal-fire,0.0,False,0,0,0,0,0,65536,,,0.0
socal-fire_00001184_post_disaster_r512_c768,socal-fire,0.0,False,0,0,0,0,0,65536,,,0.0
socal-fire_00001184_post_disaster_r768_c768,socal-fire,0.0,False,0,0,0,0,0,65536,,,0.0
socal-fire_00001185_post_disaster_r768_c768,socal-fire,0.0,False,0,0,0,0,0,65536,,,0.0
socal-fire_00001195_post_disaster_r256_c0,socal-fire,0.0,False,0,0,0,0,0,65536,,,0.0
socal-fire_00001195_post_disaster_r768_c0,socal-fire,0.0,False,0,0,0,0,0,65536,,,0.0
socal-fire_00001195_post_disaster_r768_c768,socal-fire,0.0,False,0,0,0,0,0,65536,,,0.0
socal-fire_00001197_post_disaster_r0_c512,socal-fire,0.0,False,0,0,0,0,0,65536,,,0.0
socal-fire_00001197_post_disaster_r512_c256,socal-fire,0.0,False,0,0,0,0,0,65536,,,0.0
socal-fire_00001197_post_disaster_r768_c0,socal-fire,0.0,False,0,0,0,0,0,65536,,,0.0
socal-fire_00001197_post_disaster_r768_c768,socal-fire,0.0,False,0,0,0,0,0,65536,,,0.0
socal-fire_00001203_post_disaster_r256_c512,socal-fire,0.0,False,0,0,0,0,0,65536,,,0.0
socal-fire_00001203_post_disaster_r512_c0,socal-fire,0.0,False,0,0,0,0,0,65536,,,0.0
socal-fire_00001203_post_disaster_r512_c256,socal-fire,0.0,False,0,0,0,0,0,65536,,,0.0
socal-fire_00001206_post_disaster_r0_c256,socal-fire,0.0,False,0,0,0,0,0,65536,,,0.0
socal-fire_00001206_post_disaster_r768_c768,socal-fire,0.0,False,0,0,0,0,0,65536,,,0.0
socal-fire_00001227_post_disaster_r0_c768,socal-fire,0.0,False,0,0,0,0,0,65536,,,0.0
socal-fire_00001227_post_disaster_r512_c512,socal-fire,0.0,False,0,0,0,0,0,65536,,,0.0
socal-fire_00001228_post_disaster_r0_c512,socal-fire,0.0,False,0,0,0,0,0,65536,,,0.0
socal-fire_00001242_post_disaster_r0_c0,socal-fire,0.0,False,0,0,0,0,0,65536,,,0.0
socal-fire_00001242_post_disaster_r256_c256,socal-fire,0.0,False,0,0,0,0,0,65536,,,0.0
socal-fire_00001242_post_disaster_r256_c512,socal-fire,0.0,False,0,0,0,0,0,65536,,,0.0
socal-fire_00001242_post_disaster_r512_c512,socal-fire,0.0,False,0,0,0,0,0,65536,,,0.0
socal-fire_00001242_post_disaster_r768_c768,socal-fire,0.0,False,0,0,0,0,0,65536,,,0.0
socal-fire_00001259_post_disaster_r0_c768,socal-fire,0.032562255859375,True,2134,1808,1649,159,485,63243,0.8366311516996449,0.7191452245965984,
socal-fire_00001259_post_disaster_r256_c256,socal-fire,0.0091552734375,True,600,274,226,48,374,64888,0.517162471395881,0.3487654320987654,
socal-fire_00001259_post_disaster_r512_c0,socal-fire,0.0137786865234375,True,903,0,0,0,903,64633,0.0,0.0,
socal-fire_00001259_post_disaster_r512_c256,socal-fire,0.0,False,0,0,0,0,0,65536,,,0.0
socal-fire_00001259_post_disaster_r768_c512,socal-fire,0.0,False,0,0,0,0,0,65536,,,0.0
socal-fire_00001259_post_disaster_r768_c768,socal-fire,0.006134033203125,True,402,0,0,0,402,65134,0.0,0.0,
socal-fire_00001278_post_disaster_r0_c0,socal-fire,0.00836181640625,True,548,466,326,140,222,64848,0.6429980276134122,0.4738372093023256,
socal-fire_00001278_post_disaster_r0_c768,socal-fire,0.0,False,0,0,0,0,0,65536,,,0.0
socal-fire_00001278_post_disaster_r512_c768,socal-fire,0.0111541748046875,True,731,0,0,0,731,64805,0.0,0.0,
socal-fire_00001292_post_disaster_r0_c768,socal-fire,0.0,False,0,845,0,845,0,64691,,,0.0128936767578125
socal-fire_00001292_post_disaster_r512_c0,socal-fire,0.0,False,0,0,0,0,0,65536,,,0.0
socal-fire_00001303_post_disaster_r0_c768,socal-fire,0.0,False,0,0,0,0,0,65536,,,0.0
socal-fire_00001303_post_disaster_r256_c256,socal-fire,0.0,False,0,0,0,0,0,65536,,,0.0
socal-fire_00001303_post_disaster_r256_c512,socal-fire,0.0,False,0,0,0,0,0,65536,,,0.0
socal-fire_00001303_post_disaster_r256_c768,socal-fire,0.0,False,0,0,0,0,0,65536,,,0.0
socal-fire_00001303_post_disaster_r512_c512,socal-fire,0.0,False,0,0,0,0,0,65536,,,0.0
socal-fire_00001304_post_disaster_r0_c0,socal-fire,0.0,False,0,0,0,0,0,65536,,,0.0
socal-fire_00001304_post_disaster_r0_c768,socal-fire,0.0,False,0,0,0,0,0,65536,,,0.0
socal-fire_00001323_post_disaster_r0_c768,socal-fire,0.036651611328125,True,2402,3953,1552,2401,850,60733,0.4884343036978757,0.3231313762231938,
socal-fire_00001323_post_disaster_r256_c0,socal-fire,0.0,False,0,0,0,0,0,65536,,,0.0
socal-fire_00001323_post_disaster_r256_c512,socal-fire,0.0,False,0,0,0,0,0,65536,,,0.0
socal-fire_00001323_post_disaster_r256_c768,socal-fire,0.0488433837890625,True,3201,0,0,0,3201,62335,0.0,0.0,
socal-fire_00001323_post_disaster_r512_c0,socal-fire,0.0208282470703125,True,1365,1732,1249,483,116,63688,0.8065870196964805,0.6758658008658008,
socal-fire_00001347_post_disaster_r256_c512,socal-fire,0.0,False,0,0,0,0,0,65536,,,0.0
socal-fire_00001347_post_disaster_r512_c768,socal-fire,0.0,False,0,0,0,0,0,65536,,,0.0
socal-fire_00001357_post_disaster_r256_c768,socal-fire,0.0,False,0,0,0,0,0,65536,,,0.0
socal-fire_00001357_post_disaster_r512_c0,socal-fire,0.0,False,0,0,0,0,0,65536,,,0.0
socal-fire_00001357_post_disaster_r512_c512,socal-fire,0.0,False,0,0,0,0,0,65536,,,0.0
socal-fire_00001357_post_disaster_r768_c0,socal-fire,0.0,False,0,0,0,0,0,65536,,,0.0
socal-fire_00001357_post_disaster_r768_c512,socal-fire,0.0,False,0,0,0,0,0,65536,,,0.0
socal-fire_00001364_post_disaster_r0_c0,socal-fire,0.0,False,0,0,0,0,0,65536,,,0.0
socal-fire_00001364_post_disaster_r512_c768,socal-fire,0.0,False,0,0,0,0,0,65536,,,0.0
socal-fire_00001364_post_disaster_r768_c256,socal-fire,0.0,False,0,0,0,0,0,65536,,,0.0
socal-fire_00001377_post_disaster_r0_c0,socal-fire,0.0,False,0,0,0,0,0,65536,,,0.0
socal-fire_00001377_post_disaster_r512_c0,socal-fire,0.0,False,0,0,0,0,0,65536,,,0.0
socal-fire_00001377_post_disaster_r512_c512,socal-fire,0.0,False,0,0,0,0,0,65536,,,0.0
socal-fire_00001377_post_disaster_r512_c768,socal-fire,0.0,False,0,0,0,0,0,65536,,,0.0
socal-fire_00001391_post_disaster_r0_c768,socal-fire,0.0,False,0,0,0,0,0,65536,,,0.0
socal-fire_00001391_post_disaster_r256_c768,socal-fire,0.0,False,0,0,0,0,0,65536,,,0.0
socal-fire_00001391_post_disaster_r768_c512,socal-fire,0.0,False,0,0,0,0,0,65536,,,0.0
socal-fire_00001391_post_disaster_r768_c768,socal-fire,0.0,False,0,0,0,0,0,65536,,,0.0
socal-fire_00001396_post_disaster_r512_c512,socal-fire,0.0,False,0,0,0,0,0,65536,,,0.0
socal-fire_00001396_post_disaster_r768_c256,socal-fire,0.0,False,0,0,0,0,0,65536,,,0.0
socal-fire_00001396_post_disaster_r768_c768,socal-fire,0.0,False,0,0,0,0,0,65536,,,0.0
socal-fire_00001397_post_disaster_r768_c512,socal-fire,0.0,False,0,0,0,0,0,65536,,,0.0
